episode,loss,average reward,conflicts,LoS,instructions,action LEFT,action RIGHT,action DIRECT,action LNAV,duration,epsilon
1,,0.10259536541162134,30,16,50,20,16,0,14,62.9,1.0
2,3.633183240890503,0.1433822675519032,22,14,82,25,29,0,28,63.44,0.99525
3,,0.6479650424985148,22,10,50,19,15,0,16,62.91,0.99525
4,4.237758636474609,1.0403348638541512,22,8,48,18,12,0,18,62.94,0.9904999999999999
5,,-0.24681891125984975,20,12,34,14,11,0,9,62.84,0.9904999999999999
6,4.233619689941406,0.3456125728900701,20,10,38,11,12,0,15,63.33,0.9857499999999999
7,,0.9226290421769154,28,10,60,19,22,0,21,63.23,0.9857499999999999
8,4.506473064422607,0.06736133072507675,26,14,44,18,12,0,14,62.91,0.9809999999999999
9,,0.2977521382143588,20,10,34,12,14,0,8,63.16,0.9809999999999999
10,4.224525451660156,0.5961620041241987,26,12,50,20,16,0,14,63.05,0.9762499999999998
11,,0.5832420072884376,22,10,38,12,12,0,14,63.02,0.9762499999999998
12,4.249273777008057,1.8320870207927606,32,8,52,22,13,0,17,62.87,0.9714999999999998
13,,-0.49187867335809876,28,16,46,20,16,0,12,63.3,0.9714999999999998
14,4.6608405113220215,1.1334898014747097,24,8,56,18,17,0,21,62.88,0.9667499999999998
15,,1.5834694490396224,34,8,78,21,27,0,30,62.98,0.9667499999999998
16,3.8452868461608887,-0.7179674484716634,28,20,56,20,18,0,18,63.0,0.9619999999999997
17,,1.109765787610368,30,10,80,32,26,0,22,63.09,0.9619999999999997
18,4.276922225952148,-0.17710550994687052,28,16,52,16,18,0,20,63.01,0.9572499999999997
19,,0.24974307874939775,24,14,70,21,24,0,25,63.34,0.9572499999999997
20,4.014832019805908,0.6081058352829267,22,10,46,19,14,0,13,63.0,0.9524999999999997
21,,-3.3832837143279235,20,20,28,12,4,0,12,62.93,0.9524999999999997
22,3.4795725345611572,-0.9216718342534959,18,12,26,11,7,0,8,62.9,0.9477499999999996
23,,1.4828664139265182,26,6,70,14,30,0,26,63.22,0.9477499999999996
24,4.564512252807617,0.08527844981617634,32,16,60,23,28,0,13,63.45,0.9429999999999996
25,,-2.4413159251455676,20,18,30,15,8,0,7,63.24,0.9429999999999996
26,4.366222858428955,1.5099403135000589,32,8,52,14,20,0,20,63.07,0.9382499999999996
27,,0.8108499978568889,24,10,50,8,22,0,20,63.14,0.9382499999999996
28,4.058242321014404,1.4025834942918916,30,8,66,23,26,0,19,63.05,0.9334999999999996
29,,1.1397762641156524,28,10,52,20,15,0,17,63.15,0.9334999999999996
30,4.032653331756592,1.4819554050330275,35,8,87,32,30,0,27,63.22,0.9287499999999995
31,,-0.2166281288268013,26,16,52,21,12,0,19,63.47,0.9287499999999995
32,4.099259376525879,0.24326930822240925,22,12,56,21,17,0,18,63.23,0.9239999999999995
33,,-0.49500155392546674,26,16,40,17,9,0,14,63.34,0.9239999999999995
34,3.429999351501465,0.4689334086607347,28,14,72,29,22,0,21,63.54,0.9192499999999995
35,,-0.7986418438622044,20,14,36,14,10,0,12,62.99,0.9192499999999995
36,3.9949159622192383,0.06663529960060746,22,12,40,13,15,0,12,62.97,0.9144999999999994
37,,-2.130462975037675,18,14,22,10,7,0,5,63.57,0.9144999999999994
38,4.0367751121521,-0.4322686408300228,24,16,50,23,15,0,12,63.09,0.9097499999999994
39,,0.7302193645000867,28,12,62,21,26,0,15,63.34,0.9097499999999994
40,4.2559614181518555,0.06343615855142601,18,10,34,6,14,0,14,63.57,0.9049999999999994
41,,0.7454281876573366,24,10,60,20,27,0,13,63.34,0.9049999999999994
42,3.5248544216156006,1.520780258129123,32,4,102,29,49,0,26,63.16,0.9002499999999993
43,,0.6777034523540659,22,10,60,18,22,0,20,63.23,0.9002499999999993
44,4.383689880371094,0.46576350814305284,26,12,56,13,31,0,14,63.0,0.8954999999999993
45,,-0.4028565717815293,20,14,48,16,16,0,16,63.25,0.8954999999999993
46,4.369479656219482,0.969309395584848,26,10,50,20,18,0,12,63.2,0.8907499999999993
47,,1.102575128528744,34,10,74,29,26,0,23,63.4,0.8907499999999993
48,4.568955421447754,0.2638755398187671,22,10,32,13,12,0,9,62.93,0.8859999999999992
49,,0.8043103039222943,24,10,36,14,9,0,13,63.42,0.8859999999999992
50,4.072087287902832,1.3023940350508283,28,8,58,25,18,0,17,63.12,0.8812499999999992
51,,1.2176505258348158,26,8,70,28,25,0,17,63.42,0.8812499999999992
52,4.905196189880371,-0.20008821340189517,20,14,62,24,21,0,17,63.06,0.8764999999999992
53,,1.0579961953680923,24,8,86,23,32,0,31,63.43,0.8764999999999992
54,3.7994863986968994,-0.21241440605874426,24,16,60,23,18,0,19,63.1,0.8717499999999991
55,,1.1469832598489866,28,10,50,13,20,0,17,63.42,0.8717499999999991
56,4.514426231384277,-0.18871068028176272,24,14,40,16,8,0,16,62.91,0.8669999999999991
57,,0.26368337463013003,22,12,52,11,21,0,20,63.68,0.8669999999999991
58,4.285682201385498,-0.7129124175917241,22,14,32,15,3,0,14,62.98,0.8622499999999991
59,,-0.7868487603700649,20,14,36,21,8,0,7,63.35,0.8622499999999991
60,3.68259596824646,1.4985567455897812,32,8,76,32,22,0,22,62.73,0.857499999999999
61,,1.1749343995950972,30,10,64,25,22,0,17,63.37,0.857499999999999
62,4.228477478027344,0.5467950039457208,22,10,40,13,14,0,13,63.96,0.852749999999999
63,,0.6536580279368789,22,10,56,21,22,0,13,62.75,0.852749999999999
64,4.514763832092285,0.7544127485646045,30,12,46,15,16,0,17,62.21,0.847999999999999
65,,1.5166568687458175,50,10,125,50,43,0,34,52.19,0.847999999999999
66,3.6681911945343018,0.46826979032111415,26,12,64,22,24,0,20,62.31,0.843249999999999
67,,1.6634659589466996,24,6,46,14,19,0,13,62.71,0.843249999999999
68,3.974527359008789,1.196438479004314,26,8,48,10,20,0,20,62.2,0.8384999999999989
69,,0.16823445606590376,22,12,46,15,21,0,10,62.49,0.8384999999999989
70,3.9817020893096924,0.9951768542657892,30,10,83,30,32,0,23,62.27,0.8337499999999989
71,,1.6700644836136693,26,6,56,15,24,0,17,62.54,0.8337499999999989
72,3.932971477508545,-1.0905403589952205,22,16,36,19,12,0,5,62.48,0.8289999999999988
73,,0.04672888277339539,18,10,34,12,10,0,12,62.54,0.8289999999999988
74,3.9042890071868896,-0.03465804167613942,26,16,64,19,23,0,22,62.48,0.8242499999999988
75,,0.7611030168444779,39,16,87,44,27,0,16,62.54,0.8242499999999988
76,3.619058132171631,-0.621104281408157,22,16,50,23,15,0,12,62.59,0.8194999999999988
77,,0.046390524873977684,26,14,54,21,19,0,16,62.94,0.8194999999999988
78,4.4700927734375,-0.3209446461432898,22,14,44,14,14,0,16,63.42,0.8147499999999988
79,,2.217023114530836,30,2,68,17,37,0,16,63.54,0.8147499999999988
80,3.8323450088500977,0.87980177819483,20,8,36,12,18,0,6,62.65,0.8099999999999987
81,,0.8087393983488734,22,8,76,23,27,0,26,62.59,0.8099999999999987
82,4.0224785804748535,0.3681100474620827,28,15,73,29,21,0,23,63.18,0.8052499999999987
83,,0.7970684393939426,48,17,125,51,42,0,38,62.93,0.8052499999999987
84,3.2872061729431152,2.0675251414926943,32,2,82,36,38,0,10,62.62,0.8004999999999987
85,,0.39751410594725856,28,14,62,26,18,0,18,63.4,0.8004999999999987
86,3.777500867843628,0.12553882679173284,26,14,46,16,16,0,14,62.47,0.7957499999999986
87,,0.03108711358088908,20,12,46,15,16,0,15,63.28,0.7957499999999986
88,3.868720293045044,0.26530786725120403,22,12,56,14,25,0,17,63.46,0.7909999999999986
89,,0.7101510307053767,28,12,54,26,15,0,13,63.26,0.7909999999999986
90,4.222197532653809,0.4926093991527912,20,10,52,18,20,0,14,63.01,0.7862499999999986
91,,0.07397460876664877,22,12,40,10,14,0,16,63.34,0.7862499999999986
92,3.931684732437134,1.0183271699197627,28,10,78,34,28,0,16,63.0,0.7814999999999985
93,,0.8138739575584576,26,10,56,24,20,0,14,63.27,0.7814999999999985
94,4.162967681884766,1.6048224833100246,30,6,82,27,35,0,20,63.27,0.7767499999999985
95,,-0.019657430902779292,20,12,46,21,18,0,7,63.15,0.7767499999999985
96,3.479830265045166,0.23133852891852633,24,12,52,21,19,0,14,63.14,0.7719999999999985
97,,-1.029277660968802,22,16,38,13,13,0,12,63.33,0.7719999999999985
98,3.0214033126831055,-0.06488163828555604,24,14,46,21,16,0,9,63.24,0.7672499999999984
99,,1.517626281481449,36,10,72,27,35,0,10,63.59,0.7672499999999984
100,3.6843249797821045,0.7723304114099467,26,10,68,22,29,0,19,63.39,0.7624999999999984
101,,1.3083967161566776,30,8,70,30,28,0,14,63.55,0.7624999999999984
102,3.6708664894104004,0.7876688057984177,32,12,76,39,23,0,16,63.45,0.7577499999999984
103,,0.5767053840068824,26,12,54,19,18,0,17,63.29,0.7577499999999984
104,3.760497570037842,1.363556914511805,26,8,50,17,19,0,14,63.04,0.7529999999999983
105,,1.0790477342550497,28,10,58,18,19,0,21,63.1,0.7529999999999983
106,4.300545692443848,0.05045049386627184,20,12,48,15,22,0,11,63.0,0.7482499999999983
107,,-1.2383377970849838,24,18,40,14,11,0,15,63.1,0.7482499999999983
108,4.019513130187988,0.4204370377663722,28,14,64,19,25,0,20,63.12,0.7434999999999983
109,,0.9629366208435358,30,10,98,40,40,0,20,63.68,0.7434999999999983
110,4.029561519622803,-0.16965153870611016,20,12,38,13,14,0,11,62.91,0.7387499999999982
111,,0.4097297035380818,24,12,52,23,19,0,10,63.25,0.7387499999999982
112,3.7339911460876465,0.40778787772982383,20,10,44,18,15,0,11,63.03,0.7339999999999982
113,,1.9302888535290286,28,6,50,25,18,0,7,63.35,0.7339999999999982
114,3.8779549598693848,0.5659829081703476,22,10,36,8,15,0,13,63.13,0.7292499999999982
115,,1.3104240943405712,26,6,76,24,30,0,24,63.36,0.7292499999999982
116,3.8111634254455566,0.24134463752044497,22,12,54,21,17,0,16,63.2,0.7244999999999981
117,,0.7763978804454551,20,8,62,19,27,0,16,63.33,0.7244999999999981
118,4.1788835525512695,1.4132008040061212,20,6,38,5,20,0,13,63.15,0.7197499999999981
119,,1.5582381853630354,28,6,74,20,29,0,25,63.38,0.7197499999999981
120,4.435768127441406,-0.803513879638629,24,19,55,29,12,0,14,63.14,0.7149999999999981
121,,0.9524292540207747,28,10,58,23,26,0,11,63.41,0.7149999999999981
122,3.7307167053222656,0.8196278837084683,24,10,58,28,19,0,11,63.4,0.710249999999998
123,,0.9587307175256419,26,10,56,20,21,0,15,63.73,0.710249999999998
124,3.543776750564575,1.0878811491488032,25,8,74,28,31,0,15,64.59,0.705499999999998
125,,-1.8742039085856501,18,14,24,11,7,0,6,63.76,0.705499999999998
126,4.30706262588501,-0.09747061364775789,26,16,60,20,23,0,17,63.69,0.700749999999998
127,,0.05141968461337393,24,14,54,22,21,0,11,63.89,0.700749999999998
128,3.7762885093688965,1.111507641075033,28,10,54,22,17,0,15,63.83,0.695999999999998
129,,0.01028412548462232,28,16,64,29,22,0,15,64.22,0.695999999999998
130,3.847374677658081,0.7040006345496352,28,12,82,30,36,0,16,63.78,0.6912499999999979
131,,0.5181312858344729,34,16,71,32,22,0,17,63.94,0.6912499999999979
132,4.114250659942627,0.1233239051432617,24,12,40,21,12,0,9,63.78,0.6864999999999979
133,,0.7680727466767662,36,13,95,41,44,0,15,64.1,0.6864999999999979
134,3.636380195617676,0.2261930066424085,34,18,89,45,25,0,20,63.97,0.6817499999999979
135,,1.842063858627234,22,4,48,17,21,0,10,63.96,0.6817499999999979
136,3.339181423187256,0.700019937807338,29,12,70,23,28,0,19,64.12,0.6769999999999978
137,,0.486012784456841,20,10,72,26,30,0,16,63.79,0.6769999999999978
138,3.870126247406006,1.0369324506611974,36,12,88,39,30,0,21,64.0,0.6722499999999978
139,,-1.9521744167284467,20,16,28,11,11,0,6,64.32,0.6722499999999978
140,4.149026870727539,0.940475514759171,26,10,54,17,24,0,13,63.86,0.6674999999999978
141,,1.1926518612116255,24,8,50,18,21,0,11,63.99,0.6674999999999978
142,3.8477425575256348,0.5772690406746422,26,12,48,26,13,0,9,63.79,0.6627499999999977
143,,0.30859584027528353,24,12,40,20,9,0,11,64.14,0.6627499999999977
144,4.080595016479492,0.9557939386315875,26,10,50,20,20,0,10,63.94,0.6579999999999977
145,,0.5318604172214849,32,14,58,19,21,0,20,64.1,0.6579999999999977
146,3.4526448249816895,1.1836322981608534,26,8,76,35,23,0,18,63.95,0.6532499999999977
147,,0.9525476971977463,26,10,56,16,27,0,13,63.82,0.6532499999999977
148,4.069309234619141,1.550517335958292,35,8,87,34,32,0,21,64.0,0.6484999999999976
149,,1.4238020930426634,38,6,98,39,47,0,15,64.05,0.6484999999999976
150,4.521580696105957,1.075506252384263,28,8,70,20,31,0,21,63.68,0.6437499999999976
151,,0.08106919021632042,24,14,62,20,26,0,16,64.09,0.6437499999999976
152,2.933743953704834,1.124046943830932,30,10,76,34,29,0,13,63.77,0.6389999999999976
153,,-1.498076286930803,20,16,34,13,10,0,11,64.06,0.6389999999999976
154,3.9368109703063965,1.5036509398340163,32,8,72,31,27,0,14,63.87,0.6342499999999975
155,,1.121856677482264,28,8,80,36,30,0,16,63.98,0.6342499999999975
156,3.7271084785461426,-0.5873431406805475,20,14,40,19,15,0,6,64.0,0.6294999999999975
157,,1.1177816777931955,22,6,62,25,26,0,13,64.46,0.6294999999999975
158,4.1093034744262695,0.46699519534631534,33,16,88,37,28,0,25,64.28,0.6247499999999975
159,,0.7386393827352338,28,12,74,28,35,0,11,64.14,0.6247499999999975
160,3.7804744243621826,0.7286110870853056,20,8,64,23,26,0,15,64.07,0.6199999999999974
161,,0.029965258231074543,38,22,80,31,36,0,13,64.71,0.6199999999999974
162,4.020772933959961,1.5041827145161335,33,4,88,32,41,0,21,64.1,0.6152499999999974
163,,0.19299601486201848,18,10,44,18,16,0,10,63.59,0.6152499999999974
164,4.130675315856934,0.636281934628453,26,12,62,22,25,0,15,65.04,0.6104999999999974
165,,1.3873504839341588,28,8,62,21,29,0,12,63.84,0.6104999999999974
166,3.65372371673584,1.3303108614377406,26,8,52,17,25,0,10,63.3,0.6057499999999973
167,,-0.1755462527683714,28,16,44,14,18,0,12,63.43,0.6057499999999973
168,3.207895040512085,1.261908118019195,32,8,94,36,48,0,12,63.56,0.6009999999999973
169,,0.6597388275939391,35,15,109,53,44,0,12,64.17,0.6009999999999973
170,3.829606056213379,-0.15524362376620834,24,14,42,13,15,0,14,63.38,0.5962499999999973
171,,-0.016157857272667008,18,10,30,9,14,0,7,63.69,0.5962499999999973
172,3.5025086402893066,1.3131113911282128,28,8,68,25,30,0,13,63.74,0.5914999999999973
173,,1.2178137233772393,28,8,66,24,34,0,10,63.88,0.5914999999999973
174,3.878934860229492,0.6427118493088955,22,10,54,23,19,0,12,63.4,0.5867499999999972
175,,0.6695183533228395,26,12,76,31,32,0,13,63.78,0.5867499999999972
176,3.3081982135772705,-1.829860341960377,22,20,42,18,19,0,5,63.6,0.5819999999999972
177,,1.6366176298420214,44,10,92,38,38,0,16,64.09,0.5819999999999972
178,3.8140461444854736,1.2672246890682164,31,8,78,30,35,0,15,63.41,0.5772499999999972
179,,-0.05585678888886902,24,14,46,13,20,0,13,63.31,0.5772499999999972
180,3.5305428504943848,0.26180951226996496,24,14,74,35,26,0,13,63.23,0.5724999999999971
181,,0.40833734442159203,32,16,76,34,27,0,15,63.35,0.5724999999999971
182,4.613596439361572,-1.4467056326980803,22,18,40,20,15,0,5,63.46,0.5677499999999971
183,,0.40656848814425683,28,14,64,33,18,0,13,63.71,0.5677499999999971
184,3.6065139770507812,0.8128345955041559,24,10,38,16,11,0,11,63.48,0.5629999999999971
185,,1.3631458580159792,32,8,92,39,39,0,14,63.7,0.5629999999999971
186,4.49258279800415,1.0224803969958765,28,10,82,37,36,0,9,63.03,0.558249999999997
187,,-0.07601294433131509,24,14,56,30,16,0,12,63.33,0.558249999999997
188,2.9111175537109375,1.441811497052802,26,6,62,23,27,0,14,63.18,0.553499999999997
189,,0.782309938001854,34,14,80,34,28,0,18,63.28,0.553499999999997
190,4.133012294769287,0.5580351737356801,22,10,40,17,17,0,6,62.99,0.548749999999997
191,,-2.2643900274441378,18,16,28,10,9,0,9,63.07,0.548749999999997
192,4.007400989532471,1.148907450780912,30,10,72,30,30,0,12,63.07,0.5439999999999969
193,,-0.09110841841699724,24,14,44,18,17,0,9,63.36,0.5439999999999969
194,3.5687906742095947,0.875642411903387,20,8,36,12,15,0,9,63.07,0.5392499999999969
195,,0.9433879408525555,25,8,64,20,32,0,16,63.15,0.5392499999999969
196,3.6972270011901855,0.38939625964671465,24,12,54,23,20,0,11,62.9,0.5344999999999969
197,,0.9496280951739301,30,10,82,38,34,0,12,63.49,0.5344999999999969
198,3.6938412189483643,0.9189406224433949,26,10,66,26,31,0,9,63.09,0.5297499999999968
199,,1.5477779283279631,40,10,92,28,46,0,18,62.75,0.5297499999999968
200,3.020901679992676,1.2874040386542371,24,8,42,21,13,0,8,61.99,0.5249999999999968
201,,1.4424036614307587,24,6,46,15,23,0,10,62.94,0.5249999999999968
202,3.6791505813598633,-0.3588216978042335,22,14,42,18,17,0,7,62.89,0.5202499999999968
203,,-0.22854674186624793,28,18,64,29,22,0,13,63.2,0.5202499999999968
204,4.140313148498535,0.11482521062904855,26,14,48,19,22,0,7,63.17,0.5154999999999967
205,,0.4470969770528007,24,12,54,30,20,0,4,63.15,0.5154999999999967
206,3.281378746032715,0.5503302813110578,26,12,48,20,17,0,11,62.91,0.5107499999999967
207,,0.3525018085705396,20,10,40,18,17,0,5,63.18,0.5107499999999967
208,4.244709014892578,0.5058839961241094,20,10,56,27,20,0,9,63.15,0.5059999999999967
209,,0.8815057324041999,37,14,110,40,52,0,18,63.76,0.5059999999999967
210,4.234305381774902,0.2666977716168755,28,14,58,28,23,0,9,63.11,0.5012499999999966
211,,-0.6484078263032725,22,16,52,26,21,0,5,63.14,0.5012499999999966
212,3.733445167541504,-0.213341062558413,22,14,48,24,18,0,6,63.09,0.49649999999999667
213,,1.226489003749903,30,10,60,26,28,0,6,63.29,0.49649999999999667
214,4.308826446533203,1.0184866535208243,34,12,94,41,37,0,16,63.26,0.4917499999999967
215,,1.703024111749804,31,6,82,37,29,0,16,63.29,0.4917499999999967
216,3.988257884979248,1.2881873989632049,34,10,82,34,37,0,11,63.12,0.4869999999999967
217,,-0.21652568077315212,22,12,36,15,16,0,7,63.24,0.4869999999999967
218,4.086057662963867,0.5837888655715179,28,12,56,21,24,0,13,63.17,0.48224999999999674
219,,0.8786946142561503,20,8,42,15,17,0,10,63.28,0.48224999999999674
220,3.773409605026245,0.7006250372318042,34,14,96,49,30,0,19,63.53,0.47749999999999676
221,,0.7846491016044026,30,12,89,34,43,0,12,63.35,0.47749999999999676
222,3.433591842651367,1.1823710282134532,24,8,50,20,23,0,7,62.11,0.4727499999999968
223,,1.1473447360870375,36,12,82,37,37,0,8,62.45,0.4727499999999968
224,4.203059673309326,0.6865456503349657,32,14,58,32,14,0,12,62.28,0.4679999999999968
225,,1.4139181413445459,24,6,65,27,29,0,9,62.62,0.4679999999999968
226,3.754115104675293,0.3854523349553794,22,10,40,15,18,0,9,63.31,0.46324999999999683
227,,1.0925201450387942,32,10,64,25,29,0,12,62.54,0.46324999999999683
228,4.028107166290283,2.062178205244979,26,2,70,23,33,0,14,62.23,0.45849999999999685
229,,0.6018636893264403,24,10,52,21,24,0,7,62.5,0.45849999999999685
230,4.016291618347168,-0.8141166404959127,20,14,36,18,17,0,1,62.26,0.4537499999999969
231,,0.915379585635959,22,8,82,41,29,0,12,62.48,0.4537499999999969
232,3.6344151496887207,0.6613830751178376,24,10,70,30,35,0,7,62.36,0.4489999999999969
233,,1.0983830295073653,32,10,60,30,22,0,12,62.31,0.4489999999999969
234,3.5226712226867676,0.5940787044178534,40,18,116,49,46,0,23,62.25,0.4442499999999969
235,,1.2741548764967952,28,6,94,36,53,0,7,62.58,0.4442499999999969
236,3.619921922683716,0.6221946794801431,22,10,56,22,24,0,10,62.19,0.43949999999999695
237,,0.019010104445400244,22,12,48,25,16,0,9,62.41,0.43949999999999695
238,4.026590824127197,1.2313750560732901,30,8,88,39,41,0,10,62.45,0.43474999999999697
239,,1.1634724019691647,26,6,78,31,38,0,13,62.59,0.43474999999999697
240,3.548096179962158,1.069483699670797,28,10,56,23,25,0,8,62.39,0.429999999999997
241,,1.531346583824048,27,6,66,22,35,0,11,62.46,0.429999999999997
242,4.037508487701416,0.9216426724978641,26,10,68,29,32,0,7,62.46,0.425249999999997
243,,1.463434641462787,32,8,68,23,32,0,15,62.43,0.425249999999997
244,2.9321277141571045,0.8623035860648192,34,12,65,31,31,0,7,62.35,0.42049999999999704
245,,1.0857364521176602,23,7,77,20,48,0,9,63.42,0.42049999999999704
246,3.681462526321411,1.4634279732443247,40,10,86,37,39,0,12,63.23,0.41574999999999707
247,,1.3304637106457173,38,11,80,35,35,0,10,63.52,0.41574999999999707
248,3.8313064575195312,-0.40649994122728433,26,16,44,19,20,0,5,63.06,0.4109999999999971
249,,0.8150776209071383,26,10,60,27,27,0,8,63.28,0.4109999999999971
250,4.117480754852295,0.7223060238884756,28,12,72,28,35,0,9,63.07,0.4062499999999971
251,,0.5992303191859805,22,10,46,21,20,0,5,63.37,0.4062499999999971
252,4.0826416015625,-0.11934423586884056,28,16,46,23,15,0,8,63.06,0.40149999999999714
253,,0.2340410483569084,29,16,78,40,31,0,7,63.39,0.40149999999999714
254,3.777480363845825,0.16388631279394963,28,16,70,33,29,0,8,63.09,0.39674999999999716
255,,1.4873705057761197,38,6,121,55,52,0,18,63.49,0.39674999999999716
256,3.5797746181488037,1.9495648445703904,36,6,80,27,43,0,10,63.15,0.3919999999999972
257,,0.7483765105166745,24,10,66,26,33,0,7,63.29,0.3919999999999972
258,3.9003472328186035,0.628793181426392,22,10,54,20,27,0,7,63.16,0.3872499999999972
259,,1.2592668516639998,26,8,60,28,27,0,5,63.31,0.3872499999999972
260,3.5194482803344727,1.0057560962106182,24,8,56,22,29,0,7,63.15,0.38249999999999723
261,,1.0049805001387342,24,8,60,29,30,0,3,63.35,0.38249999999999723
262,4.315401077270508,0.20043083706034448,20,10,44,18,20,0,8,63.1,0.37774999999999725
263,,0.14917374280504214,26,14,48,23,16,0,9,63.24,0.37774999999999725
264,3.4382519721984863,1.0010929965839748,34,10,85,32,52,0,5,63.22,0.3729999999999973
265,,-0.6306580740936929,24,16,42,19,17,0,6,63.48,0.3729999999999973
266,3.2703356742858887,1.4166917606755014,30,8,72,35,27,0,10,63.47,0.3682499999999973
267,,0.6008418423612455,32,14,73,29,30,0,14,63.85,0.3682499999999973
268,3.37214994430542,1.2097882716490194,28,8,88,35,40,0,13,63.71,0.3634999999999973
269,,-0.01638142108138118,26,14,60,20,31,0,9,63.81,0.3634999999999973
270,4.203099727630615,1.7639418873052213,50,6,125,56,57,0,17,52.75,0.35874999999999735
271,,1.4146528350133976,30,6,92,39,44,0,11,63.92,0.35874999999999735
272,3.7771313190460205,0.7398798758189106,28,12,58,20,29,0,9,63.56,0.3539999999999974
273,,0.7878418788225099,24,10,58,22,25,0,11,63.74,0.3539999999999974
274,2.9946625232696533,0.724501875411568,28,12,58,28,25,0,5,63.4,0.3492499999999974
275,,0.9073559378528371,26,10,64,29,25,0,10,63.83,0.3492499999999974
276,4.00549840927124,1.8261866459890508,32,4,84,31,42,0,13,63.8,0.3444999999999974
277,,0.8145532281309061,24,10,68,25,35,0,8,63.72,0.3444999999999974
278,4.139902114868164,-0.4513269863432708,24,16,50,21,24,0,5,63.41,0.33974999999999744
279,,1.8338989991482382,36,6,70,29,34,0,9,63.85,0.33974999999999744
280,3.0667648315429688,0.6422467221184086,35,16,83,39,36,0,8,63.73,0.33499999999999747
281,,0.6133867621725921,22,10,42,18,20,0,4,63.61,0.33499999999999747
282,3.566646099090576,0.498068931117149,26,12,38,18,16,0,4,63.49,0.3302499999999975
283,,0.9717455745085904,32,12,76,36,34,0,6,63.94,0.3302499999999975
284,3.573225498199463,0.5774327903637198,26,12,50,28,17,0,5,63.52,0.3254999999999975
285,,1.3577892154176454,26,6,68,26,33,0,11,63.77,0.3254999999999975
286,3.300858736038208,1.0310282025989874,28,10,42,22,20,0,2,63.39,0.32074999999999754
287,,0.7833904812494872,24,10,64,32,26,0,6,64.0,0.32074999999999754
288,4.153286933898926,1.2738362636192269,26,8,60,23,32,0,5,64.27,0.31599999999999756
289,,0.9287391691813391,26,10,56,27,24,0,5,64.06,0.31599999999999756
290,4.299252033233643,0.3752797493550692,24,12,48,22,18,0,8,64.12,0.3112499999999976
291,,-0.059818627457700134,30,18,76,36,35,0,7,63.88,0.3112499999999976
292,3.5103957653045654,1.6831399913823992,28,6,62,28,29,0,5,63.76,0.3064999999999976
293,,0.5124624595819411,26,12,44,18,19,0,7,63.85,0.3064999999999976
294,4.392219543457031,0.5932764419131028,22,10,44,18,23,0,3,63.56,0.30174999999999763
295,,0.8025386179062255,26,10,44,28,8,0,10,63.78,0.30174999999999763
296,3.7450053691864014,0.9587913878707566,34,12,84,39,37,0,10,63.78,0.29699999999999765
297,,2.0209399316558705,26,4,56,20,27,0,9,63.6,0.29699999999999765
298,3.6134848594665527,1.2850415580238965,24,6,62,34,29,0,1,63.52,0.2922499999999977
299,,-0.8090740155959742,20,14,36,19,14,0,3,63.69,0.2922499999999977
300,3.0188093185424805,-0.7637986751056203,22,16,44,26,14,0,4,63.59,0.2874999999999977
301,,0.3881507999306819,24,12,54,23,20,0,11,63.77,0.2874999999999977
302,3.548593282699585,1.0134681822550924,22,8,56,21,27,0,8,63.59,0.2827499999999977
303,,1.0708469598242196,47,16,99,42,48,0,9,64.53,0.2827499999999977
304,4.67170524597168,0.12941883631121165,22,12,44,21,19,0,4,64.05,0.27799999999999775
305,,1.3490647151713246,30,8,78,35,37,0,6,64.46,0.27799999999999775
306,4.0886335372924805,1.3815267796137345,50,10,112,53,57,0,6,62.55,0.2732499999999978
307,,0.9115430503883388,31,10,86,47,39,0,4,64.25,0.2732499999999978
308,4.249074935913086,0.0018217081692109005,18,10,32,15,14,0,3,63.93,0.2684999999999978
309,,0.8913539965397458,26,10,66,35,26,0,5,64.41,0.2684999999999978
310,3.5216503143310547,1.1899845347618097,24,6,82,34,39,0,11,64.17,0.2637499999999978
311,,1.0243344306742612,26,8,78,33,39,0,8,64.18,0.2637499999999978
312,3.887638807296753,1.2940870818199766,28,8,72,32,33,0,7,63.91,0.25899999999999784
313,,1.991916107128499,30,4,74,35,35,0,4,64.33,0.25899999999999784
314,2.5828256607055664,0.6670686493726624,18,8,42,15,25,0,2,64.12,0.25424999999999787
315,,-0.10917195006625846,37,20,68,39,26,0,6,64.11,0.25424999999999787
316,3.839947462081909,0.5247289082376999,28,14,76,34,37,0,5,64.05,0.24949999999999786
317,,0.6199918155616002,24,10,48,26,20,0,4,64.13,0.24949999999999786
318,3.2470462322235107,0.6057331645477673,30,12,62,26,28,0,10,64.07,0.24474999999999786
319,,1.181619252456031,26,8,56,26,29,0,3,64.02,0.24474999999999786
320,3.9420695304870605,0.7624267726820811,26,10,76,35,35,0,8,63.94,0.23999999999999785
321,,0.946191309890902,43,16,109,46,55,0,8,64.57,0.23999999999999785
322,3.733973979949951,-0.3234696856583418,22,14,42,28,11,0,3,63.99,0.23524999999999785
323,,1.2527700176232441,30,8,88,39,44,0,5,64.29,0.23524999999999785
324,3.3755383491516113,0.03062048116851043,26,14,52,25,24,0,5,63.89,0.23049999999999785
325,,0.8847616346176973,26,10,72,31,36,0,5,64.42,0.23049999999999785
326,3.7054786682128906,1.5731568530765658,28,6,74,34,33,0,7,64.22,0.22574999999999784
327,,1.492245938871829,35,8,88,36,46,0,6,64.38,0.22574999999999784
328,4.208984851837158,1.226090171176243,50,10,126,66,56,0,10,40.6,0.22099999999999784
329,,0.09495127529126726,28,16,62,26,33,0,3,64.77,0.22099999999999784
330,3.070676803588867,0.3390522388223795,22,12,58,32,22,0,4,64.33,0.21624999999999783
331,,-5.0,18,18,18,18,0,0,0,64.33,0.21624999999999783
332,3.627797842025757,1.9950683384991175,35,4,88,42,41,0,5,64.48,0.21149999999999783
333,,1.5784837400645741,30,8,60,24,28,0,8,64.43,0.21149999999999783
334,3.285027027130127,0.18839758160174097,20,10,40,14,25,0,3,64.43,0.20674999999999782
335,,-0.07001785684289404,18,10,28,13,13,0,2,64.47,0.20674999999999782
336,3.7120532989501953,1.2751427237311082,41,10,104,53,51,0,3,64.54,0.20199999999999782
337,,1.4207837498519362,30,8,72,31,39,0,2,64.5,0.20199999999999782
338,3.670433759689331,-0.026715151210406893,18,10,30,12,17,0,1,64.31,0.19724999999999782
339,,0.9545818130034034,40,14,96,46,42,0,8,64.82,0.19724999999999782
340,3.2827775478363037,0.7610414736074671,24,10,60,26,30,0,4,64.54,0.1924999999999978
341,,1.1899277239526673,26,8,52,27,23,0,4,64.52,0.1924999999999978
342,3.7100274562835693,1.3256545740471803,28,8,68,29,32,0,7,64.25,0.1877499999999978
343,,1.4596023755725642,28,8,56,25,27,0,4,64.34,0.1877499999999978
344,3.9544224739074707,0.7539150463735397,40,14,114,46,65,0,10,64.42,0.1829999999999978
345,,0.6040175204801208,34,14,68,34,29,0,7,64.72,0.1829999999999978
346,3.499549627304077,0.6626151712688264,26,12,76,40,33,0,3,63.61,0.1782499999999978
347,,0.6014665185106699,26,12,56,20,31,0,5,63.92,0.1782499999999978
348,3.1553187370300293,0.28337323578296936,24,12,60,30,27,0,5,64.17,0.1734999999999978
349,,0.9111102127093029,30,10,62,29,31,0,6,64.38,0.1734999999999978
350,3.3848698139190674,1.1010194742894608,27,8,95,49,40,0,6,65.04,0.1687499999999978
351,,1.1541558267991754,30,10,68,29,32,0,7,64.17,0.1687499999999978
352,3.8880302906036377,1.318940328449361,36,10,100,45,49,0,6,64.69,0.1639999999999978
353,,0.6163090687003225,18,8,32,11,20,0,1,64.25,0.1639999999999978
354,2.9901340007781982,0.5753862316547537,42,19,102,42,55,0,5,64.26,0.15924999999999778
355,,2.0957077160777215,28,2,74,37,34,0,3,64.36,0.15924999999999778
356,3.6396536827087402,0.8654854232468222,20,8,44,25,18,0,1,64.19,0.15449999999999778
357,,0.3851124965090655,28,14,58,26,29,0,3,64.25,0.15449999999999778
358,3.980010986328125,1.497201424870274,33,8,80,29,47,0,4,64.18,0.14974999999999777
359,,1.0423301111942171,30,10,70,38,31,0,3,64.34,0.14974999999999777
360,4.370491027832031,0.971708122725903,42,14,115,56,57,0,4,64.23,0.14499999999999777
361,,1.1369767744241777,40,12,88,49,40,0,3,64.22,0.14499999999999777
362,3.669009208679199,0.36428007266709417,20,10,44,20,24,0,0,63.75,0.14024999999999777
363,,0.7553076452300171,24,10,74,32,41,0,1,64.26,0.14024999999999777
364,4.344534873962402,0.7281389984105351,28,12,68,36,26,0,6,64.13,0.13549999999999776
365,,1.367908431023742,32,8,78,39,36,0,5,64.36,0.13549999999999776
366,3.6582467555999756,1.2865940083106906,36,10,84,35,48,0,3,63.99,0.13074999999999776
367,,0.582020176617115,22,10,48,22,25,0,1,64.15,0.13074999999999776
368,3.7853384017944336,2.469173027385708,24,2,48,20,27,0,1,64.12,0.12599999999999775
369,,0.3919803229473709,24,12,54,26,26,0,2,64.31,0.12599999999999775
370,3.1461033821105957,0.48156063042374825,50,20,107,56,57,0,0,59.61,0.12124999999999775
371,,0.8972838421414377,46,15,121,47,72,0,5,64.77,0.12124999999999775
372,3.9137582778930664,0.9993508059357108,40,14,88,41,46,0,3,64.58,0.11649999999999774
373,,1.1423816053728513,18,6,40,17,23,0,0,64.27,0.11649999999999774
374,3.8841536045074463,0.9732541440385818,34,12,84,42,41,0,1,64.34,0.11174999999999774
375,,0.6272727796578361,22,10,52,28,21,0,3,64.43,0.11174999999999774
376,4.405139923095703,0.5998560549312019,26,12,74,28,45,0,1,63.91,0.10699999999999774
377,,1.5110002127092756,22,6,44,23,18,0,3,63.92,0.10699999999999774
378,3.7463207244873047,0.5350578401035452,32,14,66,31,33,0,4,63.91,0.10224999999999773
379,,1.5384487578335337,42,10,90,46,43,0,3,64.31,0.10224999999999773
380,4.081369400024414,1.2174843654603476,32,10,76,38,38,0,0,63.75,0.09749999999999773
381,,1.505740640948519,28,6,76,36,40,0,0,64.02,0.09749999999999773
382,3.5505869388580322,0.8565745459075954,28,10,96,42,52,0,4,63.55,0.09274999999999772
383,,1.2739270567884604,28,8,78,39,35,0,4,64.2,0.09274999999999772
384,3.5656933784484863,0.7250309192100816,28,12,56,29,26,0,1,63.79,0.08799999999999772
385,,0.9675589615248547,26,10,48,21,26,0,1,63.96,0.08799999999999772
386,3.571697235107422,1.0026228062271392,22,8,54,24,28,0,2,63.39,0.08324999999999771
387,,-0.1042029467519692,22,14,54,26,26,0,2,63.9,0.08324999999999771
388,3.2159810066223145,0.13051385215536399,22,12,44,17,26,0,1,63.51,0.07849999999999771
389,,-0.4379655119409895,22,14,40,20,19,0,1,64.02,0.07849999999999771
390,3.7304282188415527,1.2880359885180783,20,6,54,24,28,0,2,63.56,0.0737499999999977
391,,0.7981494126701557,24,10,48,26,21,0,1,63.89,0.0737499999999977
392,3.336212158203125,0.7522146589275865,26,10,54,23,31,0,0,63.68,0.0689999999999977
393,,-0.413666510739037,18,12,38,25,12,0,1,63.72,0.0689999999999977
394,3.5576062202453613,1.4632701217211654,48,10,138,65,72,0,3,63.96,0.0642499999999977
395,,1.9904921554374324,32,4,78,42,36,0,0,63.92,0.0642499999999977
396,3.279186248779297,-0.23361599799330898,24,14,46,23,23,0,0,63.68,0.0594999999999977
397,,0.3942027108874942,42,22,105,62,41,0,2,64.01,0.0594999999999977
398,3.5712828636169434,0.9721502607260158,32,12,76,34,42,0,0,63.63,0.0547499999999977
399,,1.2667463501038139,34,10,92,47,44,0,1,64.09,0.0547499999999977
400,3.4602465629577637,0.8559435613949518,30,12,85,37,46,0,2,63.89,0.05
401,,1.2381673743565424,28,8,64,31,33,0,2,63.93,0.05
402,3.676738739013672,1.8366868035130088,34,6,80,47,33,0,0,63.83,0.05
403,,-0.006706943768267929,34,19,76,40,35,0,3,64.01,0.05
404,3.3171682357788086,1.3383666464977628,30,8,68,37,31,0,2,63.54,0.05
405,,0.36701809068075725,22,12,62,28,33,0,1,63.51,0.05
406,3.632350206375122,0.9021106345153846,51,18,138,66,71,0,3,62.28,0.05
407,,1.4470954093806203,40,10,102,53,47,0,2,63.78,0.05
408,3.9627339839935303,1.339116219172396,24,6,56,29,28,0,1,63.4,0.05
409,,0.030294726497753253,20,12,50,24,26,0,0,63.62,0.05
410,3.3852086067199707,1.245993249176012,34,10,74,37,37,0,2,63.38,0.05
411,,1.0866458650991855,22,8,40,17,22,0,1,63.68,0.05
412,3.2658638954162598,1.6464933342783397,26,4,70,27,42,0,3,64.18,0.05
413,,1.591324122665522,34,8,80,32,47,0,1,63.78,0.05
414,3.6736884117126465,1.2716775210710083,30,10,56,30,24,0,2,63.89,0.05
415,,2.221580650017172,20,2,44,14,28,0,2,63.55,0.05
416,3.8052303791046143,1.1838385316034272,30,10,68,30,38,0,0,63.33,0.05
417,,1.251226074154818,28,8,78,35,43,0,0,63.69,0.05
418,3.306264877319336,0.46623690038814547,20,10,50,28,22,0,0,63.2,0.05
419,,1.2278681412051038,32,8,94,41,52,0,1,63.63,0.05
420,4.173882484436035,1.7114727485605026,36,6,98,42,56,0,0,63.5,0.05
421,,1.4318768903320633,40,10,91,36,55,0,2,63.71,0.05
422,3.553926944732666,1.1222566025902616,26,8,58,27,32,0,1,63.6,0.05
423,,0.5281927239792723,26,12,42,22,19,0,1,63.4,0.05
424,3.476125478744507,0.9114557443051422,20,8,38,16,19,0,3,63.24,0.05
425,,1.4038789128996176,24,6,54,27,29,0,0,63.53,0.05
426,4.515358924865723,0.8728010434598104,26,10,72,32,39,0,1,63.49,0.05
427,,0.43825223341629815,24,12,56,29,27,0,0,63.58,0.05
428,3.477659225463867,1.2843207198135371,32,10,68,38,29,0,1,63.35,0.05
429,,1.400979864940852,28,8,60,27,30,0,3,63.47,0.05
430,3.388172149658203,0.5079304500978217,29,14,65,36,28,0,1,63.33,0.05
431,,0.229599522761275,26,14,54,30,22,0,2,63.5,0.05
432,3.4139928817749023,1.1753515574446571,49,16,103,55,47,0,1,63.7,0.05
433,,0.31656400585313604,28,14,90,45,48,0,1,63.57,0.05
434,3.153817892074585,1.0534458855181554,22,8,46,19,24,0,3,63.21,0.05
435,,0.8428905285753634,32,12,86,45,42,0,1,63.6,0.05
436,3.6978745460510254,1.7038653739871952,26,6,54,24,26,0,4,63.2,0.05
437,,1.2668485182727836,26,8,56,21,33,0,2,63.51,0.05
438,3.782841444015503,1.922036920295359,22,2,62,28,33,0,1,63.37,0.05
439,,1.2151854817434466,20,6,54,30,24,0,0,63.52,0.05
440,4.281793594360352,1.0748874469629983,50,16,125,64,62,0,1,61.68,0.05
441,,1.4173044600259095,30,8,60,29,31,0,2,63.54,0.05
442,3.7178142070770264,0.11625164251997619,18,10,36,21,15,0,0,63.23,0.05
443,,1.7455708399415018,28,6,62,29,31,0,2,63.52,0.05
444,3.2486281394958496,0.9880734281759043,34,12,70,35,34,0,1,63.45,0.05
445,,0.8368172681000966,30,12,76,32,41,0,3,63.72,0.05
446,3.6775197982788086,1.3642343297923438,31,8,81,41,39,0,1,63.49,0.05
447,,0.7628523301496438,24,10,52,29,23,0,0,63.47,0.05
448,3.5002989768981934,-0.21289798625712708,20,12,44,27,18,0,1,63.11,0.05
449,,1.6347239356705852,42,10,82,40,42,0,2,63.71,0.05
450,3.0581889152526855,1.372055988689556,31,8,87,47,38,0,2,63.45,0.05
451,,2.0521829983240885,30,4,68,32,34,0,2,63.47,0.05
452,4.1040568351745605,0.9187239399083673,26,10,64,31,31,0,2,63.36,0.05
453,,1.086048269016319,18,6,50,22,28,0,0,63.3,0.05
454,4.657668113708496,-0.04724244535337952,24,14,50,27,21,0,2,63.33,0.05
455,,1.980423759183028,32,4,78,32,45,0,1,63.66,0.05
456,3.545985460281372,0.9680879500085945,24,8,66,34,32,0,2,63.2,0.05
457,,0.6209348443886405,22,10,48,21,27,0,0,63.5,0.05
458,3.9432404041290283,1.1145335297231302,50,16,119,56,66,0,1,55.42,0.05
459,,1.253770589816619,36,8,88,38,53,0,1,63.56,0.05
460,4.206331253051758,1.1038763043018451,30,10,78,39,37,0,2,63.36,0.05
461,,0.5746436123599145,26,12,53,26,27,0,0,63.41,0.05
462,4.046499252319336,1.4032666607327215,28,8,62,31,31,0,0,63.3,0.05
463,,0.24442323949957595,26,14,56,34,22,0,0,63.62,0.05
464,3.6310477256774902,1.5737509817630746,32,8,70,33,37,0,0,63.39,0.05
465,,1.1915907809897597,42,12,97,46,52,0,1,63.59,0.05
466,3.649301528930664,0.9540807295560889,32,12,88,36,52,0,0,63.31,0.05
467,,1.3131457113164322,43,8,142,60,82,0,4,63.84,0.05
468,3.383350372314453,1.1814920980003087,34,10,84,34,52,0,0,63.53,0.05
469,,0.08976105188607164,26,14,46,27,18,0,1,63.42,0.05
470,4.038945198059082,1.1567445220104762,51,16,130,64,65,0,3,61.83,0.05
471,,0.766649876914921,40,16,82,40,42,0,2,63.75,0.05
472,3.097219944000244,1.350845464755573,36,10,88,38,46,0,4,63.31,0.05
473,,-0.28978757716385234,20,12,34,18,16,0,0,63.38,0.05
474,3.7219347953796387,1.501296556980657,33,6,106,59,46,0,1,64.4,0.05
475,,1.4457365645785616,40,10,104,51,50,0,3,63.8,0.05
476,3.7354936599731445,1.5355220512077252,24,6,56,24,31,0,1,63.76,0.05
477,,1.0524771635132144,29,8,98,47,48,0,5,63.57,0.05
478,3.3927254676818848,-0.07450927914175727,18,10,28,13,14,0,1,63.17,0.05
479,,0.22421609763659273,22,12,54,26,26,0,2,63.35,0.05
480,2.780731678009033,1.049847030999724,22,8,48,18,29,0,1,63.29,0.05
481,,0.9523307383827764,22,8,68,31,37,0,0,63.64,0.05
482,3.1963798999786377,0.7019879844843692,32,14,68,30,38,0,0,63.56,0.05
483,,1.363654681990645,30,6,80,40,38,0,4,63.66,0.05
484,3.6034750938415527,0.747955475300346,28,12,62,30,32,0,0,63.22,0.05
485,,0.5883495947991452,32,14,82,47,34,0,3,63.71,0.05
486,3.203148126602173,0.6198231292658579,22,10,60,24,34,0,2,63.31,0.05
487,,0.41771765560838164,26,14,94,45,47,0,2,63.75,0.05
488,3.066394329071045,1.2988218563279619,22,6,48,21,29,0,0,63.63,0.05
489,,1.3948756109436207,30,8,78,40,38,0,0,63.76,0.05
490,3.420163154602051,0.017194692469895283,22,12,36,19,15,0,2,63.57,0.05
491,,1.686474318358429,32,8,60,32,26,0,2,63.74,0.05
492,3.5026140213012695,1.185616003312904,33,10,68,35,34,0,1,63.78,0.05
493,,0.367835954246218,28,14,58,34,23,0,1,63.74,0.05
494,3.145221471786499,0.6877198910014914,41,18,100,50,49,0,1,63.88,0.05
495,,0.1890956608792305,20,12,68,29,37,0,2,63.94,0.05
496,3.2078256607055664,0.7959580869083577,36,14,72,31,40,0,1,63.55,0.05
497,,0.3497030762105569,24,12,46,24,20,0,2,63.79,0.05
498,3.5755057334899902,1.886464460296653,34,4,80,40,44,0,0,63.93,0.05
499,,1.0059763258291308,36,12,104,57,46,0,3,64.01,0.05
500,3.5887341499328613,1.207266380272637,50,15,130,60,71,0,1,62.04,0.05
501,,0.4430386305629073,29,14,76,40,38,0,0,63.88,0.05
502,4.1638360023498535,1.084858251469537,34,12,76,29,46,0,1,63.82,0.05
503,,-0.05259852716194184,26,16,62,33,28,0,1,63.97,0.05
504,3.320601224899292,0.44491965495875685,18,10,72,35,36,0,1,63.77,0.05
505,,0.21712120501610982,47,26,141,81,58,0,2,64.43,0.05
506,3.716024398803711,0.5950387261418824,22,10,44,24,19,0,1,63.64,0.05
507,,1.3205202356383767,51,13,118,60,59,0,3,52.77,0.05
508,3.6622071266174316,1.3611287466990067,22,6,56,25,30,0,1,63.74,0.05
509,,0.39353128660316167,24,12,56,22,34,0,0,64.04,0.05
510,3.1980788707733154,0.14858213030546225,32,18,90,40,49,0,1,63.75,0.05
511,,1.0041751496417288,30,10,74,42,33,0,1,63.95,0.05
512,3.527611494064331,1.0407587214645222,22,8,50,23,26,0,1,63.59,0.05
513,,0.8820958686341147,30,12,74,40,33,0,1,63.97,0.05
514,3.099743366241455,1.0558125926256443,28,8,72,35,37,0,2,63.74,0.05
515,,1.0785756822678905,26,8,70,23,49,0,0,63.8,0.05
516,3.4208438396453857,1.0607877145742064,28,10,64,31,33,0,0,63.64,0.05
517,,-0.053913811421131975,26,16,62,35,27,0,0,63.68,0.05
518,3.0818753242492676,0.05637323149639457,24,14,50,24,26,0,0,63.28,0.05
519,,-0.21368637295699122,22,14,50,24,25,0,1,63.71,0.05
520,4.264796257019043,0.6617382965590977,18,8,34,17,17,0,0,63.39,0.05
521,,1.1655246779532376,30,8,74,39,36,0,1,63.79,0.05
522,3.51285719871521,1.2142008772214574,24,8,48,25,22,0,1,63.12,0.05
523,,1.3371648179516114,22,6,56,18,37,0,1,63.35,0.05
524,3.6614999771118164,0.7756058455658739,24,10,52,22,27,0,3,63.37,0.05
525,,0.9474700379138072,26,10,54,32,22,0,0,63.58,0.05
526,3.312568187713623,0.6162644954273607,30,14,84,45,37,0,2,63.45,0.05
527,,1.0468472491633014,28,10,60,31,28,0,1,63.7,0.05
528,3.884176254272461,0.020237526859105365,34,20,72,37,32,0,3,63.41,0.05
529,,0.4814818605959596,29,14,88,46,42,0,0,63.76,0.05
530,4.359889984130859,0.12244640201333734,22,12,42,19,23,0,0,63.47,0.05
531,,0.65459463034568,51,19,136,63,76,0,1,50.53,0.05
532,3.8397741317749023,1.3144427005441288,28,6,88,42,47,0,1,63.56,0.05
533,,1.1063738935474425,22,8,38,15,20,0,3,63.59,0.05
534,3.537524461746216,1.8166166649421267,22,4,52,22,30,0,0,63.53,0.05
535,,0.7631704222692601,28,12,66,32,34,0,0,63.72,0.05
536,3.227168083190918,1.1763723309788259,20,6,58,27,30,0,1,64.3,0.05
537,,0.48136838791292447,24,12,68,33,33,0,2,63.63,0.05
538,3.4666147232055664,0.5684376265188628,26,12,52,30,22,0,0,63.82,0.05
539,,1.8026360560770898,40,8,86,43,43,0,0,63.95,0.05
540,3.4114551544189453,0.901790522737212,36,12,101,54,49,0,0,63.86,0.05
541,,0.16908607715218832,22,12,46,25,21,0,0,63.96,0.05
542,3.2555172443389893,0.21759025569414298,22,12,52,31,21,0,0,63.57,0.05
543,,1.0094613692325378,24,8,54,28,28,0,0,63.86,0.05
544,3.445713520050049,-0.07764475483845577,29,16,53,29,25,0,0,63.58,0.05
545,,0.9840562252480578,28,8,82,35,49,0,0,63.8,0.05
546,3.515122175216675,1.1236743091793733,32,10,73,37,35,0,3,63.53,0.05
547,,0.8835496349647073,22,8,50,23,28,0,1,63.7,0.05
548,3.38120174407959,0.29424498340211497,22,12,60,25,33,0,2,63.61,0.05
549,,1.458126758485775,30,8,68,38,28,0,2,63.88,0.05
550,3.312886953353882,0.7938330220368081,24,10,48,22,26,0,0,63.48,0.05
551,,0.9097684811896526,30,12,78,42,36,0,0,63.85,0.05
552,3.420999526977539,0.853355574153722,30,12,76,34,41,0,1,63.52,0.05
553,,0.07426321278570552,24,14,58,28,30,0,0,63.59,0.05
554,4.059998989105225,1.3925664353931682,36,8,94,48,44,0,4,63.67,0.05
555,,0.8227753202942054,34,14,76,32,41,0,3,63.95,0.05
556,3.620903491973877,1.4272224974373664,50,10,122,54,71,0,3,62.34,0.05
557,,0.6165771075440044,22,10,56,30,26,0,0,63.81,0.05
558,3.807882070541382,-0.1071894524708949,22,14,54,27,25,0,2,63.55,0.05
559,,1.6790119598092186,20,4,48,23,25,0,0,63.77,0.05
560,3.064873218536377,1.3198686271864817,32,8,78,34,44,0,0,63.65,0.05
561,,0.7523040083268386,25,10,74,42,31,0,1,64.03,0.05
562,4.119070053100586,1.3337487327566193,32,8,89,48,41,0,0,64.02,0.05
563,,0.7845281826615234,38,16,106,54,50,0,2,64.07,0.05
564,3.451045513153076,1.040572385943685,30,10,66,32,35,0,1,63.77,0.05
565,,0.7384672120596164,24,10,72,33,38,0,1,63.9,0.05
566,4.372725963592529,1.165658913938017,30,10,64,36,27,0,1,63.64,0.05
567,,1.68025329355799,36,8,82,35,46,0,1,63.81,0.05
568,3.3897359371185303,1.0170738581443575,22,8,52,27,23,0,2,63.61,0.05
569,,-0.2552265147996901,24,16,60,26,33,0,1,63.77,0.05
570,4.485760688781738,1.3887170373962212,32,8,74,30,43,0,3,63.54,0.05
571,,-0.2979890640296429,28,18,60,32,27,0,1,63.67,0.05
572,4.094011306762695,0.7775008693816469,24,10,52,22,30,0,0,63.42,0.05
573,,1.142830600185293,26,8,78,37,40,0,1,64.0,0.05
574,3.346078872680664,0.7955807066614148,24,10,48,23,23,0,2,63.29,0.05
575,,1.4106869595984393,36,8,76,36,44,0,0,63.8,0.05
576,3.88131046295166,1.0868098679759282,24,8,64,30,34,0,0,63.49,0.05
577,,1.6521729410195505,30,6,66,38,29,0,1,63.71,0.05
578,3.996999740600586,0.5550561620112164,34,16,76,45,31,0,0,63.7,0.05
579,,1.5402024943564636,28,6,76,44,30,0,2,63.97,0.05
580,3.5324184894561768,0.9242964665475655,26,10,54,27,27,0,0,63.6,0.05
581,,0.8409284704689162,28,10,82,38,45,0,1,64.07,0.05
582,3.8859798908233643,0.9613446708730612,26,10,52,30,21,0,1,63.57,0.05
583,,1.7745112742962341,28,4,72,38,35,0,1,63.81,0.05
584,3.9127509593963623,1.4746112952694796,24,6,60,26,33,0,1,63.43,0.05
585,,1.4536359645883534,26,6,76,41,34,0,1,63.89,0.05
586,3.6500158309936523,0.6052894101275921,22,10,44,24,20,0,0,63.55,0.05
587,,1.1695055368493223,26,8,68,36,32,0,0,63.81,0.05
588,3.127626657485962,0.4190034753255817,24,12,54,27,27,0,0,63.57,0.05
589,,0.8978871668610263,28,10,70,33,37,0,2,63.69,0.05
590,3.4605929851531982,0.7828594398785412,24,10,48,21,26,0,1,63.43,0.05
591,,0.5541832529517237,26,12,52,25,26,0,1,63.62,0.05
592,3.652601718902588,0.9491184880524517,32,12,72,38,34,0,0,63.51,0.05
593,,2.1935555755840586,42,2,95,54,44,0,2,63.83,0.05
594,3.2747764587402344,0.7905230878061483,26,10,88,42,45,0,3,63.78,0.05
595,,0.6363943141751515,22,10,62,39,23,0,0,63.8,0.05
596,3.570648193359375,1.3299180494823868,26,8,56,21,35,0,0,63.53,0.05
597,,0.8179415262560897,24,10,48,24,23,0,1,63.73,0.05
598,3.6784422397613525,0.9555331515014347,42,14,165,78,84,0,3,64.93,0.05
599,,1.7008992264872016,32,6,72,40,34,0,0,63.8,0.05
600,3.521427631378174,0.8999824707313412,20,8,48,29,19,0,0,63.94,0.05
601,,1.1656421582293055,24,8,54,31,23,0,0,63.89,0.05
602,3.7131853103637695,1.0985416911756942,26,8,64,28,38,0,0,63.57,0.05
603,,0.010657036790935695,20,12,48,20,27,0,1,63.82,0.05
604,4.054962635040283,-0.9355034579661237,22,16,40,24,15,0,1,63.52,0.05
605,,1.8192581679741209,24,4,58,23,35,0,0,63.81,0.05
606,3.8094427585601807,1.3965722045226063,34,8,94,46,48,0,0,63.63,0.05
607,,0.9341811632991457,28,10,58,35,20,0,5,63.61,0.05
608,3.259554624557495,0.44538860634240574,22,10,52,26,28,0,0,63.55,0.05
609,,0.728701222631868,37,16,92,37,55,0,0,63.84,0.05
610,3.4702353477478027,1.5505532178240633,24,6,52,25,27,0,0,63.54,0.05
611,,1.1795455031815782,26,8,70,31,36,0,3,63.63,0.05
612,3.1070730686187744,1.5526723707547305,20,4,56,23,30,0,3,63.51,0.05
613,,1.2088715950252207,50,14,133,64,69,0,2,61.44,0.05
614,4.041715145111084,0.7907198484638744,24,10,60,33,26,0,1,63.49,0.05
615,,0.9282746000775799,28,10,94,39,54,0,1,64.04,0.05
616,3.631298065185547,0.32737413303558616,24,12,40,20,19,0,1,63.53,0.05
617,,0.756608014419077,32,12,90,53,38,0,1,63.83,0.05
618,3.3616600036621094,1.6032836171174754,36,8,84,33,51,0,0,63.82,0.05
619,,0.417905612471949,20,10,42,21,20,0,1,63.78,0.05
620,3.6987674236297607,1.2459271799113083,24,8,46,27,17,0,2,63.72,0.05
621,,1.3256634015683662,45,8,147,68,80,0,1,64.55,0.05
622,3.245875835418701,1.0320129884063691,24,8,44,21,25,0,0,63.34,0.05
623,,0.9652131764585292,32,12,102,49,53,0,0,64.98,0.05
624,3.9000167846679688,0.2815615890184974,24,12,62,35,28,0,1,63.34,0.05
625,,1.473714884015316,28,8,56,22,33,0,1,63.66,0.05
626,4.086169242858887,0.5222753762104835,24,12,66,30,35,0,1,63.61,0.05
627,,1.0369905213896984,26,8,78,31,47,0,2,63.88,0.05
628,3.0900564193725586,0.8543269204221274,22,8,46,20,28,0,0,63.61,0.05
629,,1.1109657296082958,41,14,102,54,46,0,2,64.1,0.05
630,3.267695903778076,0.2669282383048895,30,15,63,34,28,0,1,63.41,0.05
631,,0.12564721864231904,20,12,56,30,25,0,1,63.56,0.05
632,4.336117744445801,1.0122876826175158,38,12,91,37,54,0,4,63.71,0.05
633,,1.3911999037904066,22,6,54,22,32,0,0,63.67,0.05
634,3.2206945419311523,0.6142834925371188,26,12,56,28,27,0,1,63.72,0.05
635,,1.7589815155211166,34,6,84,41,43,0,0,63.86,0.05
636,3.4412646293640137,0.4489546900666856,20,10,52,23,28,0,1,63.4,0.05
637,,1.1338964236211206,28,10,50,22,27,0,1,63.55,0.05
638,3.2479124069213867,1.6415796142623675,40,8,94,48,45,0,3,63.66,0.05
639,,1.4846344195768384,39,8,94,43,51,0,2,64.01,0.05
640,3.39357852935791,1.749215697315026,40,4,114,49,64,0,3,63.93,0.05
641,,0.6950967893052973,30,13,81,37,44,0,0,63.64,0.05
642,4.037951469421387,0.8484144781929145,43,16,139,73,62,0,4,63.94,0.05
643,,-0.41622772371880373,34,20,62,40,24,0,0,63.85,0.05
644,3.5755395889282227,2.16175202716514,28,4,56,27,29,0,0,63.47,0.05
645,,1.876903857519964,36,4,88,38,49,0,3,63.77,0.05
646,3.242502212524414,-0.20206574281310308,18,12,44,21,23,0,0,63.36,0.05
647,,1.12228177234691,24,8,62,36,26,0,0,63.73,0.05
648,3.1922173500061035,1.3088281158564194,44,12,106,48,57,0,1,63.74,0.05
649,,1.0497130640559351,22,8,44,22,22,0,0,63.76,0.05
650,3.942082405090332,1.3249650429040598,26,8,54,21,32,0,1,63.64,0.05
651,,0.4235693358031125,26,14,78,35,42,0,1,64.08,0.05
652,4.093874931335449,0.6020513905452527,30,14,80,44,34,0,2,63.57,0.05
653,,0.4585737487540186,26,12,66,31,37,0,0,63.85,0.05
654,3.590217113494873,0.2664984396612635,26,14,70,36,34,0,0,63.53,0.05
655,,1.4063604562208727,28,6,84,33,50,0,1,64.0,0.05
656,2.736363410949707,1.5350052139170849,34,8,82,41,38,0,3,63.57,0.05
657,,1.5661985349530203,28,6,74,38,35,0,1,63.69,0.05
658,3.5261244773864746,0.6048546935899913,31,14,86,27,59,0,0,63.39,0.05
659,,0.871765574824088,36,14,84,44,40,0,0,63.46,0.05
660,3.660895824432373,0.4558883027667424,28,14,72,38,33,0,1,63.94,0.05
661,,0.7221496512227008,28,12,72,26,45,0,1,63.52,0.05
662,3.57999849319458,1.7092715943086971,46,6,121,72,53,0,0,63.78,0.05
663,,-0.20191070309759426,22,14,50,28,21,0,1,63.3,0.05
664,3.3644328117370605,1.176969117007236,26,8,73,38,34,0,1,63.26,0.05
665,,1.2912688736256623,44,12,103,58,46,0,1,63.79,0.05
666,3.792358875274658,1.511352831848359,24,6,58,30,28,0,0,63.39,0.05
667,,1.1202078163812292,50,16,102,54,50,0,2,62.19,0.05
668,3.565608501434326,0.46872821080893623,28,14,72,37,33,0,2,63.36,0.05
669,,0.8765351431133044,30,12,68,33,33,0,2,63.64,0.05
670,4.110179901123047,1.236502290349021,43,12,115,61,53,0,3,63.58,0.05
671,,0.5930872523292423,26,12,64,34,29,0,1,63.55,0.05
672,4.330918788909912,0.8282007315439421,20,8,50,21,29,0,0,63.21,0.05
673,,0.876556828741145,39,14,73,34,41,0,2,63.56,0.05
674,3.2829859256744385,0.49823374103202583,40,18,109,46,63,0,2,63.44,0.05
675,,0.5826236913164515,22,10,36,16,19,0,1,63.34,0.05
676,3.6766111850738525,0.15489887043006803,26,14,50,22,28,0,0,63.05,0.05
677,,1.775336352863665,24,4,60,25,35,0,0,63.51,0.05
678,3.6444005966186523,-0.17164212216434444,20,12,38,22,16,0,0,63.29,0.05
679,,0.7457462346392841,34,14,78,43,33,0,2,63.68,0.05
680,3.6289443969726562,0.7229744960808775,28,12,74,39,32,0,3,63.35,0.05
681,,0.24920942017805914,34,18,75,35,37,0,3,63.62,0.05
682,3.4584240913391113,-0.5531271682586086,26,18,53,27,26,0,0,63.27,0.05
683,,1.4417868129528626,40,10,85,43,42,0,3,63.54,0.05
684,3.562939167022705,0.08907226696497225,28,16,65,37,27,0,1,63.22,0.05
685,,1.3097111787198994,51,12,134,73,63,0,0,55.0,0.05
686,3.22510027885437,-0.3165321945784334,18,12,40,22,17,0,1,63.13,0.05
687,,0.9563635962725823,26,10,52,31,21,0,0,63.48,0.05
688,3.745556592941284,0.02120595180257026,22,14,64,33,31,0,0,63.13,0.05
689,,0.9979623928946549,38,12,116,55,59,0,2,64.02,0.05
690,4.115406513214111,1.04830172284492,18,6,52,23,25,0,4,63.05,0.05
691,,1.3858673853210286,28,8,64,35,27,0,2,63.26,0.05
692,3.749764919281006,1.187505782944631,40,10,136,66,69,0,1,63.54,0.05
693,,0.6170853525460293,26,12,58,31,27,0,0,63.36,0.05
694,3.7492122650146484,1.452761014027724,22,6,50,22,26,0,2,63.15,0.05
695,,1.028359286643383,18,6,64,21,43,0,0,63.51,0.05
696,3.720961093902588,1.111318245419032,43,14,94,46,48,0,2,63.39,0.05
697,,1.7338488855269452,26,4,72,34,35,0,3,63.36,0.05
698,3.3422720432281494,1.503598162344706,38,10,82,47,35,0,0,63.32,0.05
699,,1.6558815167989152,38,8,84,40,45,0,1,63.56,0.05
700,3.7172727584838867,0.7605030777400371,24,10,70,33,35,0,2,63.25,0.05
701,,0.6125262164035954,28,13,70,32,37,0,1,63.46,0.05
702,3.659360885620117,1.1644236918249238,40,12,99,47,50,0,2,63.45,0.05
703,,0.4271618003069128,20,10,46,24,21,0,1,63.36,0.05
704,3.3680315017700195,1.003635238470227,30,10,76,37,38,0,1,63.36,0.05
705,,1.5987026877970913,30,6,82,40,42,0,0,63.44,0.05
706,2.8107528686523438,0.22246481191248824,38,20,85,42,43,0,0,63.26,0.05
707,,1.0854446853720259,32,10,82,33,49,0,0,63.73,0.05
708,3.644484758377075,-0.286281567683235,22,14,46,27,17,0,2,63.34,0.05
709,,0.602670809513844,22,10,46,21,21,0,4,63.65,0.05
710,3.101921319961548,0.9901742162272086,28,10,78,37,38,0,3,63.39,0.05
711,,1.214814604042052,30,8,68,32,33,0,3,63.7,0.05
712,3.190156936645508,1.1604754859269089,26,8,56,28,28,0,2,63.38,0.05
713,,0.5971727731572638,22,10,46,23,23,0,0,63.37,0.05
714,3.6719045639038086,0.01324931261726529,28,17,77,33,45,0,0,63.15,0.05
715,,0.7223025482766755,52,18,120,71,56,0,1,52.83,0.05
716,3.463474750518799,1.6952370485423738,32,8,60,28,30,0,2,63.46,0.05
717,,1.5475180763348921,34,8,82,39,42,0,1,63.64,0.05
718,3.7471415996551514,1.1017487690823229,32,10,74,38,37,0,1,63.48,0.05
719,,0.6097166140130215,24,10,46,26,20,0,2,63.48,0.05
720,3.5824012756347656,0.9539769797513742,28,10,64,36,28,0,2,63.17,0.05
721,,0.15893360348586996,22,12,44,26,18,0,0,63.52,0.05
722,3.9128236770629883,0.7608681114745293,26,10,62,38,26,0,0,64.06,0.05
723,,-1.3308641035157756,20,16,40,23,18,0,1,63.37,0.05
724,3.4855494499206543,1.3237109977734085,30,8,76,32,45,0,1,63.6,0.05
725,,-0.01813135782533408,26,14,50,32,19,0,1,63.46,0.05
726,3.1312880516052246,1.7735314767929367,30,6,68,31,33,0,4,63.39,0.05
727,,0.5738970713787255,22,10,40,20,20,0,0,63.44,0.05
728,3.3492631912231445,1.2946027086748346,34,10,78,37,40,0,1,63.38,0.05
729,,0.2703358071618096,31,16,80,46,32,0,2,63.56,0.05
730,4.013680458068848,1.0602665696900355,28,10,60,30,30,0,0,63.21,0.05
731,,-0.6037019217415748,22,16,50,25,25,0,0,63.36,0.05
732,3.7826762199401855,-0.2791377673687304,22,14,44,27,17,0,0,63.3,0.05
733,,1.5239806501262108,38,8,104,48,55,0,1,63.62,0.05
734,4.042142868041992,0.6192923432376787,40,18,90,44,45,0,1,63.65,0.05
735,,0.5867562645773642,28,12,76,30,44,0,2,63.61,0.05
736,3.579922676086426,1.2967700002426266,24,8,42,18,24,0,0,63.14,0.05
737,,1.2090821352498735,24,8,52,31,21,0,0,63.48,0.05
738,2.9671754837036133,1.3756018052914365,30,8,78,42,36,0,0,63.3,0.05
739,,1.8121176869385363,28,6,50,23,29,0,0,63.41,0.05
740,3.513026475906372,0.4164700813391415,26,12,54,31,24,0,1,63.09,0.05
741,,0.9004955453783763,28,10,82,35,45,0,2,63.71,0.05
742,3.641127824783325,0.7998914807334013,26,10,60,26,33,0,3,63.38,0.05
743,,1.6057380676976925,28,8,46,24,21,0,1,63.29,0.05
744,3.261319637298584,1.261349415333423,26,8,60,31,29,0,0,63.22,0.05
745,,-0.5792543972996193,28,20,60,40,20,0,0,63.48,0.05
746,3.7512686252593994,1.2431047849701773,24,6,66,30,38,0,0,63.24,0.05
747,,1.4850869981364014,32,8,78,37,39,0,2,63.7,0.05
748,3.264866352081299,0.6525272792335125,20,8,40,20,21,0,1,63.35,0.05
749,,0.7377806665492163,32,14,70,35,33,0,2,63.63,0.05
750,3.400007724761963,1.9470341641787343,30,4,68,28,39,0,3,63.33,0.05
751,,0.4547658147782985,20,10,52,27,25,0,0,63.59,0.05
752,3.5926899909973145,0.4349481847968206,26,12,52,32,22,0,0,63.11,0.05
753,,0.6930230196723025,45,18,93,50,44,0,1,64.0,0.05
754,3.4704082012176514,-0.016000058031319753,26,16,74,32,44,0,0,63.39,0.05
755,,1.5693245591338585,32,8,70,33,35,0,2,63.44,0.05
756,3.727670669555664,1.2069094660340365,26,8,48,22,27,0,1,63.14,0.05
757,,0.8583262414253541,30,12,67,34,32,0,1,63.45,0.05
758,3.4420266151428223,0.8846151030326439,26,10,66,25,38,0,3,63.48,0.05
759,,1.383045413664275,26,8,50,26,24,0,0,63.42,0.05
760,4.21110725402832,1.1392703820492682,30,10,76,36,39,0,1,63.25,0.05
761,,0.9355091460715894,26,10,74,32,42,0,0,63.7,0.05
762,3.658323049545288,0.5743607396768688,22,10,44,26,17,0,1,63.22,0.05
763,,1.0726069916494976,47,14,127,61,67,0,2,64.07,0.05
764,3.2238829135894775,0.6700156379308579,28,12,64,37,27,0,0,63.21,0.05
765,,0.8981407442170306,30,12,58,30,27,0,1,63.45,0.05
766,3.742866039276123,0.8022890454016021,26,10,52,28,25,0,1,63.35,0.05
767,,0.9129525092060135,31,10,115,55,61,0,3,63.78,0.05
768,3.6944427490234375,0.9173452070390988,26,10,62,29,32,0,1,63.41,0.05
769,,1.1366121937895228,18,6,44,22,21,0,1,63.52,0.05
770,3.64823055267334,0.43627768857171484,26,12,56,24,31,0,1,63.35,0.05
771,,0.6089257032715656,26,12,66,28,38,0,0,63.65,0.05
772,3.0176639556884766,1.5055402609087252,34,8,90,47,43,0,0,63.34,0.05
773,,0.7274432635498911,45,18,104,48,56,0,1,63.91,0.05
774,3.402390480041504,0.1507011709104512,24,14,64,32,32,0,0,63.32,0.05
775,,0.872625758694846,36,12,104,59,45,0,0,63.8,0.05
776,3.640944719314575,0.44487046878192205,22,10,48,26,23,0,1,63.25,0.05
777,,1.4422143888065926,26,6,62,23,41,0,0,63.74,0.05
778,3.3061695098876953,-0.2521802123601913,27,18,65,38,24,0,3,63.64,0.05
779,,0.4734822305817733,20,10,60,25,35,0,0,63.59,0.05
780,4.077195644378662,0.8939695999447317,28,10,66,29,35,0,2,63.61,0.05
781,,0.7257284918149627,28,12,62,36,25,0,1,63.64,0.05
782,3.484539747238159,0.8946399403367726,34,12,95,48,49,0,0,63.56,0.05
783,,1.1499306941566085,24,8,56,31,25,0,0,63.32,0.05
784,3.7225534915924072,0.5876036869030105,34,16,89,28,58,0,3,64.2,0.05
785,,1.7456386055674207,40,8,93,40,52,0,1,63.74,0.05
786,3.1873531341552734,0.013930205923111968,20,12,48,28,19,0,1,63.13,0.05
787,,1.0000492898755968,30,10,84,43,42,0,1,63.73,0.05
788,3.4808707237243652,0.6025020106402117,26,12,58,32,23,0,3,63.57,0.05
789,,0.42650888401329246,28,14,64,34,30,0,0,63.48,0.05
790,3.240309000015259,1.7875591805793198,24,4,60,31,29,0,0,63.17,0.05
791,,0.7680218478712453,30,12,64,35,31,0,0,63.54,0.05
792,4.068073272705078,1.0306368333714029,22,8,54,29,22,0,3,63.34,0.05
793,,1.103574725788782,30,10,58,31,28,0,1,63.57,0.05
794,3.7434041500091553,1.139293287959767,26,8,58,28,30,0,2,63.35,0.05
795,,0.209517376664932,30,16,62,34,28,0,0,63.42,0.05
796,3.726071834564209,0.11667243764397088,22,12,42,21,20,0,1,63.33,0.05
797,,1.071825359893056,38,12,78,41,38,0,1,63.67,0.05
798,3.5383572578430176,1.1943977800186667,30,8,74,43,35,0,0,63.54,0.05
799,,1.1364110432616192,30,10,74,39,34,0,1,63.58,0.05
800,3.8980069160461426,0.4937772645480439,22,10,54,25,31,0,0,63.31,0.05
801,,1.4897189335151506,26,6,70,30,40,0,0,63.43,0.05
802,3.002671480178833,0.6314993328824178,22,10,60,31,27,0,2,63.02,0.05
803,,0.868211145689462,40,14,96,46,50,0,2,63.72,0.05
804,3.5679385662078857,0.7511898586454383,24,10,70,35,35,0,0,63.6,0.05
805,,1.6206727363346334,28,6,68,36,32,0,0,63.57,0.05
806,3.373662233352661,0.9209385634244974,26,10,69,25,41,0,3,63.47,0.05
807,,-0.5434044074560745,18,12,34,15,17,0,2,63.48,0.05
808,4.030924320220947,0.3266644005775636,24,14,92,40,51,0,1,63.38,0.05
809,,0.14128870428238136,26,14,64,28,37,0,1,63.57,0.05
810,3.384798049926758,1.0047331090346714,50,16,130,67,64,0,2,55.18,0.05
811,,0.4312944457792571,30,14,74,32,41,0,1,63.7,0.05
812,3.417083263397217,1.3505671551349299,40,10,87,44,46,0,0,63.58,0.05
813,,0.7006777128155329,32,12,84,35,52,0,1,63.61,0.05
814,3.7975335121154785,0.5930072832691246,26,12,70,31,35,0,4,63.29,0.05
815,,1.5004203791519504,28,8,52,28,20,0,4,63.55,0.05
816,3.4339587688446045,1.4622623934708496,22,6,48,23,25,0,0,63.48,0.05
817,,-0.18217290976479783,26,16,62,35,29,0,0,63.43,0.05
818,2.71010160446167,-0.4091688777668263,20,14,48,22,26,0,0,63.26,0.05
819,,1.574348451842739,26,6,62,31,31,0,0,63.45,0.05
820,3.605701446533203,1.8129848744667445,30,4,84,39,45,0,0,63.59,0.05
821,,0.07037634788222812,28,16,57,28,28,0,1,63.36,0.05
822,3.5913586616516113,1.0155314110108622,24,8,54,29,26,0,1,63.22,0.05
823,,0.3179356322065262,32,16,70,36,34,0,2,63.75,0.05
824,4.308976173400879,0.9701318895185291,36,12,103,49,53,0,3,63.57,0.05
825,,1.4093192933194587,22,6,50,23,27,0,0,63.42,0.05
826,3.4467148780822754,1.2904274422673907,28,8,76,40,36,0,0,63.24,0.05
827,,0.897259350516216,20,8,38,18,19,0,1,63.36,0.05
828,3.7368853092193604,0.7640760008029592,28,12,65,27,37,0,1,63.19,0.05
829,,1.7477467750235338,40,6,98,38,63,0,1,63.73,0.05
830,3.495224952697754,2.1683440835234533,50,6,100,50,52,0,0,61.6,0.05
831,,1.4131428274295499,28,8,62,33,27,0,2,63.65,0.05
832,3.191270589828491,1.8980998200164467,38,6,82,34,47,0,1,63.37,0.05
833,,0.6576937892804212,28,13,85,40,43,0,2,63.74,0.05
834,3.91953182220459,1.5380033151541181,30,6,64,28,36,0,3,63.35,0.05
835,,1.7708268172066213,38,8,82,39,43,0,0,63.6,0.05
836,3.31380033493042,1.2432917386868334,36,10,72,34,40,0,0,63.59,0.05
837,,1.3344751230394734,28,8,66,35,31,0,0,63.43,0.05
838,3.1676807403564453,1.7970344110909102,22,4,52,21,30,0,1,63.36,0.05
839,,1.1298529256908993,30,10,68,28,39,0,1,63.71,0.05
840,3.8860793113708496,0.9089091884132494,28,10,84,42,43,0,1,63.58,0.05
841,,0.6594042133106071,32,14,74,43,30,0,1,63.66,0.05
842,3.768589973449707,0.9594378423290549,43,14,111,58,54,0,1,63.59,0.05
843,,0.44351632310956707,24,12,58,27,30,0,1,63.42,0.05
844,3.8134207725524902,1.7445700638944157,38,6,94,48,45,0,1,63.58,0.05
845,,1.559514297831298,30,8,60,25,32,0,3,63.59,0.05
846,3.784712314605713,0.5577067640486442,34,16,71,35,34,0,2,64.3,0.05
847,,1.2541971659793167,24,8,44,18,25,0,1,63.46,0.05
848,3.5184078216552734,1.548947643145538,26,6,64,31,32,0,1,63.43,0.05
849,,0.7915675165184979,50,20,119,66,53,0,2,61.91,0.05
850,3.317598342895508,1.5213515670223632,38,6,100,45,58,0,2,63.88,0.05
851,,1.2806912126308057,43,12,102,47,55,0,1,63.69,0.05
852,3.1805238723754883,0.8688537429196006,45,18,110,48,61,0,1,63.55,0.05
853,,0.8143366326849971,24,10,54,26,28,0,0,63.45,0.05
854,3.6943254470825195,0.5209436618716039,26,12,42,24,17,0,1,63.31,0.05
855,,0.31076452200666155,38,20,86,42,44,0,0,63.64,0.05
856,3.804910182952881,1.0910978151330826,50,16,113,55,58,0,2,61.55,0.05
857,,0.7644038994350325,28,12,74,35,36,0,3,63.56,0.05
858,3.802006244659424,0.5476063164221483,28,14,80,32,45,0,3,63.41,0.05
859,,0.6871562966234819,32,14,78,41,35,0,2,63.69,0.05
860,4.078366756439209,1.1923949661040203,32,10,75,38,37,0,0,63.38,0.05
861,,-0.42914122787343584,24,16,48,19,27,0,2,63.65,0.05
862,4.137229919433594,0.20474721575488175,26,14,56,29,27,0,0,63.31,0.05
863,,-0.2513484588940807,20,12,36,17,19,0,0,63.4,0.05
864,4.208583354949951,1.2018540775297695,24,8,50,23,27,0,0,63.17,0.05
865,,0.5684807071976005,34,16,77,37,37,0,3,63.77,0.05
866,3.2293567657470703,1.6426981373575762,41,8,100,51,48,0,1,63.64,0.05
867,,1.4465275137293023,28,8,58,28,29,0,1,63.32,0.05
868,3.5466439723968506,0.7558897035133536,36,14,86,37,49,0,2,63.4,0.05
869,,0.1958674980770802,26,14,56,28,27,0,1,63.59,0.05
870,3.6832432746887207,0.43837317339558657,24,11,54,29,26,0,1,63.34,0.05
871,,0.3904224888816764,28,14,56,27,29,0,0,63.32,0.05
872,3.383711338043213,1.6692000959171436,32,6,84,43,41,0,0,63.24,0.05
873,,1.3395927357711461,22,6,58,26,32,0,0,63.55,0.05
874,2.4119529724121094,0.794445154848353,26,10,46,26,20,0,2,63.3,0.05
875,,0.4770644191209756,28,14,78,43,34,0,1,63.59,0.05
876,3.978482723236084,0.5700681643195986,26,12,68,35,33,0,0,63.48,0.05
877,,0.6293187535271474,24,10,58,35,25,0,0,63.65,0.05
878,2.769843339920044,2.3424743952318168,28,4,50,20,25,0,5,63.36,0.05
879,,0.2991811930939891,27,15,75,37,38,0,0,63.74,0.05
880,3.752044200897217,1.0832037825909806,26,8,70,37,33,0,2,63.49,0.05
881,,1.612435375077395,34,8,66,33,32,0,1,63.61,0.05
882,3.6516337394714355,0.9387078387261983,41,16,99,50,48,0,1,63.51,0.05
883,,0.9711278047533068,28,10,78,32,45,0,1,63.67,0.05
884,3.4981017112731934,-0.30807580607008245,27,17,53,29,24,0,0,63.41,0.05
885,,0.9062458310707253,26,10,64,26,37,0,1,64.06,0.05
886,3.6158761978149414,1.5514141006221411,24,6,54,31,22,0,1,63.7,0.05
887,,0.8574769421048097,20,8,42,21,20,0,1,63.78,0.05
888,3.230154514312744,1.1368274569154113,24,8,56,28,27,0,1,63.75,0.05
889,,1.3777918415033934,24,6,68,27,40,0,1,64.02,0.05
890,3.407956123352051,1.5998312285666396,28,4,84,40,46,0,0,63.95,0.05
891,,-0.2682331589301761,26,16,50,28,21,0,1,63.93,0.05
892,3.4894726276397705,1.1520750553460506,34,12,64,38,25,0,1,63.97,0.05
893,,0.15075753346184248,24,12,46,27,21,0,0,63.79,0.05
894,3.608499765396118,1.352322624502354,32,8,84,30,52,0,2,63.85,0.05
895,,0.8206529496088995,51,19,138,65,73,0,2,61.19,0.05
896,3.6057257652282715,0.9631212264827641,30,10,70,38,34,0,0,63.89,0.05
897,,0.5368357770618539,24,12,68,40,28,0,0,63.99,0.05
898,3.581378936767578,-1.0167255691799861,20,16,42,26,14,0,2,63.71,0.05
899,,0.8206223968231453,28,10,64,33,32,0,3,63.77,0.05
900,3.665505886077881,1.3951491320853526,41,8,120,70,53,0,0,63.98,0.05
901,,-0.21629709251539028,24,14,48,18,30,0,2,64.3,0.05
902,3.4640026092529297,0.08358168365156894,20,10,34,19,17,0,0,63.6,0.05
903,,0.8605931096014491,30,12,74,39,34,0,1,63.95,0.05
904,3.763458251953125,0.9957328789915302,41,12,124,64,64,0,2,64.17,0.05
905,,1.2713749294354584,36,10,104,53,51,0,0,64.15,0.05
906,3.3698360919952393,-0.2109287291370237,28,18,66,28,37,0,1,63.84,0.05
907,,1.0851574945065379,24,8,62,29,33,0,0,63.85,0.05
908,3.7575292587280273,0.9137612575805197,20,8,52,26,26,0,0,64.38,0.05
909,,1.390144017788146,36,8,106,62,44,0,2,64.2,0.05
910,3.8663811683654785,-0.1605058971402371,20,12,40,22,18,0,0,63.73,0.05
911,,0.1255125154380164,26,14,60,33,29,0,0,63.98,0.05
912,3.9709134101867676,-0.41532144489893436,22,14,40,28,11,0,1,63.89,0.05
913,,1.431353991754636,28,8,58,31,27,0,0,64.03,0.05
914,4.108462810516357,-0.018544856446034784,24,14,50,28,22,0,0,63.7,0.05
915,,-0.2947044313157647,22,14,46,30,15,0,1,64.05,0.05
916,3.1485202312469482,1.831696458362985,40,6,94,51,43,0,2,63.96,0.05
917,,-0.13294094178183732,18,12,48,22,25,0,1,63.85,0.05
918,3.3742830753326416,0.5521688309622602,48,22,93,50,42,0,1,64.02,0.05
919,,1.997474078349338,32,4,78,36,42,0,0,64.09,0.05
920,3.081101417541504,1.2648420864868355,20,6,48,20,25,0,3,63.71,0.05
921,,0.9519915586371979,32,12,82,50,30,0,2,64.22,0.05
922,3.5860228538513184,0.4882012281694882,30,14,80,40,40,0,2,63.92,0.05
923,,0.16415749227470858,26,14,52,32,19,0,1,63.8,0.05
924,4.111232280731201,0.5514894764498788,22,10,36,18,17,0,1,63.74,0.05
925,,1.4694616661585076,22,6,48,22,26,0,0,63.96,0.05
926,3.6548819541931152,0.975270242655898,50,16,116,72,49,0,1,60.31,0.05
927,,1.0141105974526905,34,12,66,37,29,0,0,63.98,0.05
928,3.4671382904052734,1.1065654147673663,30,10,80,44,35,0,1,63.87,0.05
929,,1.846276900736295,46,8,104,53,51,0,0,64.14,0.05
930,3.0176219940185547,1.0025123337331694,32,10,90,47,46,0,1,63.83,0.05
931,,0.10199498935268834,22,12,44,21,22,0,1,63.84,0.05
932,3.5407910346984863,1.2378636733089459,26,8,64,32,31,0,1,63.86,0.05
933,,1.1017251636824812,26,8,62,28,35,0,1,63.9,0.05
934,3.120880126953125,1.6903158683818207,38,6,111,58,51,0,2,64.02,0.05
935,,1.7476902059887551,28,6,60,21,37,0,2,64.1,0.05
936,2.984265089035034,0.0016769859718003986,25,15,57,32,24,0,1,63.9,0.05
937,,1.783367553624592,28,4,74,32,39,0,3,64.07,0.05
938,3.2174696922302246,1.4825864597655878,30,6,96,37,58,0,1,63.78,0.05
939,,1.7988257663770169,30,6,64,35,28,0,1,63.53,0.05
940,3.69877290725708,0.637598650059461,22,10,52,27,25,0,0,63.34,0.05
941,,1.0541981017035735,50,16,110,61,52,0,1,56.15,0.05
942,3.1946115493774414,1.7538489949134315,26,4,72,33,38,0,1,63.37,0.05
943,,0.6678587245410339,22,10,56,26,30,0,0,63.48,0.05
944,3.120276927947998,1.0413062076981832,42,14,86,42,43,0,3,63.66,0.05
945,,1.23124959760248,26,8,64,32,31,0,1,63.42,0.05
946,3.0750062465667725,-0.35512425155444693,26,18,64,29,32,0,3,63.42,0.05
947,,1.2008606109517515,42,12,101,45,56,0,0,63.79,0.05
948,3.2174248695373535,1.1177207986841058,37,12,79,41,38,0,2,63.22,0.05
949,,1.7594935500736444,32,6,78,37,40,0,1,63.11,0.05
950,3.4742512702941895,1.5772926326294319,34,8,78,46,32,0,0,62.79,0.05
951,,0.290786851273989,34,18,74,43,31,0,0,63.27,0.05
952,3.0212512016296387,0.8923600490124785,20,8,38,18,20,0,0,62.69,0.05
953,,0.8564195644952088,20,8,64,30,34,0,0,63.15,0.05
954,3.9980130195617676,0.3316293186260524,28,14,74,34,37,0,5,62.81,0.05
955,,0.3991461999011567,20,10,40,23,17,0,0,62.87,0.05
956,3.1198878288269043,2.0758652479225312,28,2,78,34,44,0,0,62.63,0.05
957,,1.2307185761820467,35,9,108,45,61,0,2,63.23,0.05
958,3.519930601119995,0.3692812919795547,24,12,50,28,20,0,2,62.72,0.05
959,,1.2315124356211096,35,10,78,34,46,0,1,63.04,0.05
960,3.9305076599121094,1.2884595502322285,40,10,96,49,49,0,0,62.96,0.05
961,,0.9749733914688833,32,10,129,63,62,0,4,63.25,0.05
962,3.4289934635162354,1.1472293663546165,34,10,94,48,45,0,2,63.11,0.05
963,,0.9237864006346967,32,12,92,36,56,0,0,62.97,0.05
964,3.741769313812256,1.194045823959247,24,8,52,24,28,0,0,62.86,0.05
965,,0.19286536676670837,26,14,54,36,16,0,2,62.87,0.05
966,3.179499626159668,-0.022089829911301352,24,14,50,25,24,0,1,62.66,0.05
967,,0.8437561436199813,42,16,81,37,44,0,2,62.99,0.05
968,3.389420986175537,0.7028363035137144,36,14,74,39,35,0,0,62.82,0.05
969,,1.574968404069561,34,8,82,39,43,0,0,62.97,0.05
970,2.865689754486084,0.4172092234054972,30,14,64,33,32,0,1,63.54,0.05
971,,1.2153299800578474,30,8,76,31,44,0,1,63.06,0.05
972,3.624155282974243,1.6296886694004642,36,8,84,46,37,0,1,62.79,0.05
973,,-1.1432930581552958,18,14,34,20,13,0,1,62.67,0.05
974,3.0591230392456055,1.3035776924516194,39,10,104,57,46,0,4,63.42,0.05
975,,1.1441636098791081,24,8,54,27,27,0,0,62.81,0.05
976,3.7520081996917725,1.2926830123198798,30,8,68,27,40,0,1,62.73,0.05
977,,0.9552413565235421,24,8,60,31,30,0,1,62.76,0.05
978,3.2953743934631348,1.6572867304408272,24,6,48,27,21,0,0,62.51,0.05
979,,-0.33242983587738517,26,16,46,28,18,0,0,62.88,0.05
980,3.662623405456543,0.91165390833051,26,10,68,28,39,0,1,62.81,0.05
981,,1.589228674639854,26,6,62,27,34,0,1,62.7,0.05
982,2.9931163787841797,-0.07126854329460648,20,12,42,22,20,0,0,62.71,0.05
983,,0.6024980887146835,33,15,65,37,26,0,2,62.86,0.05
984,4.322851181030273,0.1634012817060822,22,12,46,24,22,0,0,62.67,0.05
985,,1.2972438064817515,43,12,103,54,48,0,1,63.04,0.05
986,3.7660624980926514,1.642263481073027,30,8,54,28,26,0,0,62.61,0.05
987,,0.7784101742828022,24,10,45,22,22,0,1,62.82,0.05
988,3.298386335372925,0.522281569221463,37,18,108,42,63,0,3,63.11,0.05
989,,0.39370468649762086,34,16,84,43,40,0,3,63.04,0.05
990,3.6490564346313477,1.459531111289134,28,6,70,32,36,0,4,62.74,0.05
991,,0.10165581571918854,24,14,66,30,34,0,2,62.95,0.05
992,3.5735793113708496,0.4704122454773787,26,10,51,31,21,0,2,62.76,0.05
993,,1.3321332300830022,22,6,56,28,28,0,0,62.8,0.05
994,3.828718662261963,-0.47205555373005764,24,16,48,32,15,0,1,62.76,0.05
995,,1.107171194768618,30,10,81,40,37,0,4,63.03,0.05
996,3.418666362762451,0.9939907533349307,34,10,108,48,61,0,3,62.9,0.05
997,,1.3777265549740825,26,8,50,23,26,0,1,62.76,0.05
998,3.2991135120391846,0.43003907598861923,24,12,58,28,29,0,1,62.72,0.05
999,,1.301374303510392,28,8,70,36,32,0,2,62.92,0.05
1000,3.4298112392425537,0.006743191014740909,28,16,68,33,37,0,0,62.79,0.05
1001,,0.9376198982778519,34,12,114,52,60,0,2,63.07,0.05
1002,3.1817727088928223,1.356813980780115,30,8,78,44,33,0,1,62.78,0.05
1003,,-0.23329187848272934,20,12,36,18,16,0,2,62.86,0.05
1004,3.7449088096618652,0.6013366516519464,22,10,46,25,20,0,1,62.6,0.05
1005,,1.1793887304437944,38,12,106,44,59,0,3,63.02,0.05
1006,3.7421276569366455,0.752944009826531,30,12,68,33,36,0,1,63.01,0.05
1007,,1.9367698474125137,22,4,46,16,28,0,2,62.86,0.05
1008,3.542236089706421,1.459629733145332,38,8,111,56,53,0,2,62.97,0.05
1009,,1.2993433772383716,24,6,62,28,36,0,0,62.85,0.05
1010,3.8271782398223877,-0.07745445921675596,22,14,56,26,29,0,1,62.72,0.05
1011,,0.0538528690952222,22,12,54,23,31,0,2,62.77,0.05
1012,3.365708589553833,1.0254984924635877,30,10,80,37,44,0,1,62.89,0.05
1013,,-0.4791811941716109,26,16,46,28,20,0,0,62.9,0.05
1014,3.4586281776428223,1.452530701435738,39,10,94,46,47,0,1,63.08,0.05
1015,,0.5443694840491238,30,14,91,50,38,0,3,63.09,0.05
1016,3.1693263053894043,0.7913872557005347,26,10,56,32,24,0,2,62.78,0.05
1017,,0.7599995328164567,30,12,87,44,45,0,0,62.97,0.05
1018,3.735398292541504,0.05366291496715892,26,16,70,38,32,0,0,62.81,0.05
1019,,1.7542573079046244,24,4,64,26,38,0,0,63.07,0.05
1020,3.274418354034424,1.1117332747565798,51,14,104,53,52,0,3,43.09,0.05
1021,,1.511359193013203,36,8,101,42,57,0,2,63.13,0.05
1022,3.062220573425293,1.0445610401609957,34,12,82,41,40,0,1,62.85,0.05
1023,,0.7916838568725421,50,18,125,64,64,0,1,61.4,0.05
1024,3.896854877471924,0.6387998536351183,22,10,62,30,32,0,0,62.81,0.05
1025,,1.258869919496552,40,11,95,51,44,0,2,63.7,0.05
1026,3.53973388671875,0.8929439875733566,20,8,38,17,20,0,1,63.28,0.05
1027,,0.11529977040996749,35,19,81,39,42,0,0,63.78,0.05
1028,3.6987709999084473,1.4813460060620314,34,6,92,45,47,0,4,63.52,0.05
1029,,1.1532265344499517,30,10,72,36,34,0,2,63.5,0.05
1030,3.122626304626465,2.0440283256893843,34,4,84,48,35,0,1,63.45,0.05
1031,,1.2551640388516658,20,6,54,22,31,0,1,63.55,0.05
1032,3.403836250305176,0.3696663237120131,30,16,86,39,45,0,2,63.48,0.05
1033,,1.8910792154599825,30,4,78,41,37,0,0,63.76,0.05
1034,3.898282051086426,0.5559761831375556,26,12,52,23,26,0,3,64.06,0.05
1035,,1.2422808089076798,26,8,62,22,39,0,1,63.6,0.05
1036,3.7697668075561523,1.0815377845972516,40,14,70,42,29,0,0,63.62,0.05
1037,,1.5423526311009095,36,8,82,41,41,0,2,63.72,0.05
1038,4.203364372253418,-0.7244440081790008,18,12,30,19,11,0,0,63.48,0.05
1039,,1.37203175471464,24,6,68,28,39,0,1,63.38,0.05
1040,3.40155029296875,-0.832117498943618,20,16,46,28,18,0,0,63.23,0.05
1041,,1.4017269271832662,22,6,52,24,28,0,0,63.33,0.05
1042,3.09489369392395,1.8961249852324418,24,4,54,26,28,0,0,63.21,0.05
1043,,1.2376664704291926,50,12,136,72,66,0,2,43.66,0.05
1044,3.929237127304077,0.05674143458115666,22,12,48,29,21,0,0,63.26,0.05
1045,,0.9711046630265443,36,12,86,42,45,0,1,63.75,0.05
1046,3.760544776916504,1.2951492019526472,36,10,82,41,42,0,1,63.59,0.05
1047,,0.4727452798502176,26,12,66,39,28,0,1,63.12,0.05
1048,3.620490789413452,0.7799327839363183,30,12,56,32,23,0,1,63.14,0.05
1049,,0.6243557714972171,28,12,80,40,40,0,2,63.46,0.05
1050,3.3653337955474854,0.8549846686064293,30,12,64,21,41,0,2,63.2,0.05
1051,,1.353667223842031,32,8,92,38,54,0,0,63.72,0.05
1052,3.235860586166382,0.551076518210332,30,14,60,28,32,0,0,63.39,0.05
1053,,0.6498916524427801,46,20,93,53,40,0,0,63.5,0.05
1054,3.8327231407165527,1.0625635759104737,22,8,52,23,28,0,1,63.17,0.05
1055,,1.575931084857349,41,8,100,47,53,0,3,63.58,0.05
1056,3.0655946731567383,0.5456242238620534,34,16,76,43,32,0,1,63.24,0.05
1057,,0.23134746033144923,24,12,48,24,24,0,0,63.33,0.05
1058,3.379876136779785,1.2645561331452413,32,8,95,51,42,0,2,63.28,0.05
1059,,2.252756527452998,34,2,84,39,43,0,2,63.4,0.05
1060,3.0243730545043945,1.6636834009466674,38,8,82,40,42,0,2,63.36,0.05
1061,,-0.23105640394173288,26,16,48,29,19,0,0,63.25,0.05
1062,3.826936721801758,1.0125472434064686,28,10,70,36,34,0,0,63.09,0.05
1063,,1.1125222559729122,28,10,56,25,28,0,3,63.36,0.05
1064,3.2577781677246094,0.6873655310701864,32,14,88,38,49,0,1,63.3,0.05
1065,,0.7255128492621005,28,12,62,22,38,0,2,63.31,0.05
1066,3.129044532775879,0.1026042546977057,22,12,42,28,14,0,0,63.06,0.05
1067,,1.3544724557581247,30,8,78,45,33,0,0,63.41,0.05
1068,4.322718620300293,1.1027915153721946,36,10,112,51,62,0,3,63.44,0.05
1069,,0.388220789918641,46,22,110,55,54,0,4,63.69,0.05
1070,3.502408266067505,0.784877575889763,24,10,58,28,29,0,1,63.29,0.05
1071,,0.015468242986491632,24,14,52,24,26,0,2,63.84,0.05
1072,3.6009788513183594,1.3002182361482308,39,12,84,49,35,0,0,63.73,0.05
1073,,0.7907165062511164,24,10,50,17,32,0,1,63.65,0.05
1074,3.466799259185791,0.6786171311662149,32,14,66,33,33,0,0,63.54,0.05
1075,,1.3214613428911897,22,6,58,29,28,0,1,63.67,0.05
1076,4.056888103485107,1.0986072585695603,31,9,105,42,65,0,0,63.87,0.05
1077,,1.8582454607586467,30,4,72,32,42,0,0,64.07,0.05
1078,3.667597770690918,1.5979407455936554,51,9,113,60,57,0,2,32.71,0.05
1079,,0.3728110524772256,50,23,143,72,74,0,1,53.16,0.05
1080,3.583432197570801,1.2589095610444245,26,8,60,34,26,0,0,63.52,0.05
1081,,-0.2809580489220348,20,12,34,21,13,0,0,63.39,0.05
1082,4.119694709777832,0.6982136866356506,36,16,87,42,44,0,1,63.72,0.05
1083,,1.2439732199288296,26,8,60,29,31,0,0,63.6,0.05
1084,3.7620739936828613,1.4959411187813534,28,8,52,31,20,0,1,63.58,0.05
1085,,1.3234091790517455,32,8,86,45,41,0,2,63.55,0.05
1086,4.354552745819092,1.1691021400543686,36,10,91,43,50,0,0,63.69,0.05
1087,,1.3596037344852678,28,6,84,37,49,0,0,63.73,0.05
1088,3.4235968589782715,2.056196458318808,28,4,54,25,30,0,1,63.44,0.05
1089,,0.5958927058005742,22,10,48,25,22,0,1,63.31,0.05
1090,3.581862211227417,1.470219247138081,36,10,74,39,33,0,2,63.3,0.05
1091,,1.4620724194209496,24,6,58,26,30,0,2,63.48,0.05
1092,3.5680110454559326,0.9770172439955925,32,12,72,37,33,0,2,63.32,0.05
1093,,1.2948476584829907,20,6,44,18,26,0,0,63.52,0.05
1094,3.415862798690796,1.38938477784281,30,8,74,34,39,0,1,63.61,0.05
1095,,-1.2134632040776139,24,18,40,22,18,0,0,63.49,0.05
1096,3.507657766342163,1.4009397338077967,41,12,85,48,37,0,0,63.59,0.05
1097,,0.803726706903635,24,10,50,25,23,0,2,63.74,0.05
1098,3.466165065765381,0.5734337205190506,26,12,54,19,35,0,0,64.32,0.05
1099,,1.2764515954154134,42,12,116,58,54,0,4,63.95,0.05
1100,3.131758689880371,0.8188339293786299,51,19,123,54,69,0,2,62.08,0.05
1101,,0.2142629965262615,26,14,56,34,22,0,0,63.75,0.05
1102,3.702857494354248,-0.9809226976999619,20,14,32,22,9,0,1,63.81,0.05
1103,,0.6889250012210827,18,8,46,21,23,0,2,63.61,0.05
1104,3.717885732650757,1.1503875953795353,36,12,86,53,32,0,1,63.76,0.05
1105,,0.925576137402459,32,12,85,47,37,0,1,63.94,0.05
1106,3.6706902980804443,0.4333980674926178,24,12,86,44,42,0,2,63.86,0.05
1107,,-0.5886645452401262,20,12,26,18,8,0,0,63.4,0.05
1108,3.3170626163482666,0.7525978834053052,34,14,88,44,41,0,3,63.79,0.05
1109,,0.1115456918921081,18,10,40,18,22,0,0,63.34,0.05
1110,4.027650356292725,0.3856596877496568,36,18,92,42,48,0,4,63.79,0.05
1111,,1.2490103014527336,26,8,64,32,30,0,2,63.59,0.05
1112,4.06026029586792,0.2646540900242081,20,10,32,16,16,0,0,63.26,0.05
1113,,0.6074535956177379,28,12,72,39,33,0,2,63.86,0.05
1114,3.752112865447998,0.06713194363125101,22,12,40,21,18,0,1,63.45,0.05
1115,,1.6476738576150118,30,6,66,37,30,0,1,63.93,0.05
1116,3.959902286529541,1.3326519976971098,32,9,79,36,42,0,1,63.8,0.05
1117,,1.201436129622247,26,8,52,28,25,0,1,63.62,0.05
1118,3.409759283065796,1.775472813587623,42,6,107,55,51,0,3,63.8,0.05
1119,,1.2855900885300526,33,8,98,45,51,0,2,64.27,0.05
1120,3.8758506774902344,0.42000599126689736,24,12,52,26,26,0,0,63.7,0.05
1121,,-0.014415495871271238,28,16,54,32,21,0,1,63.65,0.05
1122,4.077201843261719,1.5450630817859365,26,6,64,25,38,0,1,63.54,0.05
1123,,1.6875091408329328,28,6,54,21,35,0,0,63.91,0.05
1124,3.7238306999206543,1.3715642937006205,36,9,76,37,41,0,2,63.76,0.05
1125,,0.9271318187249035,34,12,80,33,45,0,2,63.54,0.05
1126,3.773270845413208,1.0872267989954136,28,10,56,29,27,0,0,63.4,0.05
1127,,0.7225293571307162,28,12,50,23,27,0,0,63.44,0.05
1128,3.6778829097747803,0.4211375377908799,28,14,62,30,32,0,0,63.35,0.05
1129,,1.234846799785033,34,10,96,56,39,0,1,63.5,0.05
1130,3.2240495681762695,1.2696594819585614,20,6,46,18,28,0,0,63.25,0.05
1131,,0.10797049473239831,22,12,42,25,17,0,0,63.33,0.05
1132,3.4276487827301025,1.5249236630975271,24,6,54,28,25,0,1,63.35,0.05
1133,,1.4167333940384408,22,6,50,24,25,0,1,63.51,0.05
1134,3.117633581161499,1.2094627731440792,26,8,66,24,41,0,1,63.3,0.05
1135,,0.599164444536906,43,18,106,59,49,0,1,63.66,0.05
1136,3.475736618041992,1.58576985683525,24,6,52,20,31,0,1,63.32,0.05
1137,,0.7966668031690272,24,10,46,22,23,0,1,63.5,0.05
1138,3.0615830421447754,0.6391634910003281,26,12,70,33,35,0,2,63.4,0.05
1139,,0.954249717844281,32,12,80,38,42,0,0,63.7,0.05
1140,3.2441158294677734,0.20071238348857937,32,18,91,59,31,0,1,63.73,0.05
1141,,1.3083178697198083,49,14,121,59,60,0,2,63.87,0.05
1142,2.903903007507324,0.26834599220104827,26,14,64,37,27,0,0,63.44,0.05
1143,,0.729647813748051,28,12,56,25,31,0,0,63.42,0.05
1144,3.760586977005005,1.4137705741761575,24,6,62,26,34,0,2,63.3,0.05
1145,,1.3846883309304219,28,6,80,43,37,0,2,63.76,0.05
1146,4.66762638092041,0.7095968786293522,42,18,114,60,51,0,4,63.73,0.05
1147,,0.42913026510053826,24,12,56,25,30,0,1,63.46,0.05
1148,3.622178316116333,0.4825615587648952,20,10,62,29,33,0,0,63.74,0.05
1149,,1.0445079241973172,24,8,70,31,38,0,1,63.72,0.05
1150,4.305712699890137,0.48031088965763236,28,14,82,44,35,0,3,63.44,0.05
1151,,0.9419171791757952,26,10,64,31,31,0,2,63.68,0.05
1152,3.612642288208008,1.146241658846721,33,10,96,54,39,0,3,63.54,0.05
1153,,0.5005913833843082,28,14,88,46,42,0,0,63.51,0.05
1154,3.596508741378784,0.7239024406085163,42,18,79,49,28,0,2,63.6,0.05
1155,,1.6916421152774954,28,6,64,29,34,0,1,63.68,0.05
1156,3.4540863037109375,1.3222116887003892,36,10,78,45,33,0,2,63.59,0.05
1157,,1.9423938105187168,30,4,66,29,36,0,1,63.84,0.05
1158,2.5257816314697266,0.18986950751608864,18,10,44,24,19,0,1,63.43,0.05
1159,,1.4380793868925785,38,10,80,40,37,0,5,63.66,0.05
1160,3.8600175380706787,-1.394742542162732,18,14,30,16,14,0,0,64.23,0.05
1161,,-0.022306531044532216,22,12,44,27,19,0,0,63.61,0.05
1162,3.2476987838745117,1.5387289260554031,36,8,84,38,48,0,0,63.48,0.05
1163,,1.3574456577080471,36,10,76,36,41,0,1,63.65,0.05
1164,4.024557113647461,-0.19866145941446275,20,12,48,30,20,0,0,63.68,0.05
1165,,1.4352818061523491,30,8,63,26,34,0,3,63.45,0.05
1166,3.365455150604248,-0.4479435572633053,22,14,38,21,15,0,2,63.38,0.05
1167,,1.3083844637256334,31,8,97,47,47,0,3,63.82,0.05
1168,3.7469091415405273,1.163638089212069,35,10,81,43,40,0,0,63.59,0.05
1169,,1.322516003179044,37,8,110,56,55,0,1,64.15,0.05
1170,3.564243793487549,1.4524272841985824,28,6,86,38,44,0,4,63.62,0.05
1171,,0.2593129580439961,22,12,54,26,27,0,1,63.74,0.05
1172,2.910036563873291,0.630287598634042,22,10,50,22,28,0,0,63.47,0.05
1173,,0.8219328025039093,27,10,74,30,45,0,1,63.73,0.05
1174,3.812908172607422,0.5615841085392985,33,16,89,46,42,0,1,63.76,0.05
1175,,0.7463269975642167,32,14,98,45,51,0,2,63.93,0.05
1176,3.240922451019287,1.5482949298920163,51,12,112,54,58,0,2,49.32,0.05
1177,,0.5615568050662746,47,22,132,61,69,0,2,63.99,0.05
1178,3.453174591064453,1.3748250520092553,28,8,60,31,28,0,1,63.33,0.05
1179,,1.455830507552955,20,6,36,16,18,0,2,63.32,0.05
1180,3.2327520847320557,2.1066340282481675,18,2,42,13,29,0,0,63.37,0.05
1181,,0.9378740976597987,26,10,60,24,36,0,0,63.61,0.05
1182,3.6515750885009766,1.2167654172981186,22,6,54,28,28,0,0,63.29,0.05
1183,,0.43506406755234156,28,14,72,34,36,0,2,63.53,0.05
1184,3.3767876625061035,1.675565514026122,30,6,66,39,28,0,1,63.44,0.05
1185,,1.7228079591519514,26,4,72,32,39,0,1,63.43,0.05
1186,2.6782753467559814,0.3105065720687284,20,10,34,19,14,0,1,63.38,0.05
1187,,0.9650143797903459,32,12,68,37,31,0,0,63.84,0.05
1188,3.933213710784912,1.4852379321155853,40,8,114,57,57,0,2,63.86,0.05
1189,,0.9170462317109659,26,10,58,28,28,0,2,63.74,0.05
1190,3.6787376403808594,1.7998630066534704,34,4,80,36,45,0,3,63.79,0.05
1191,,1.5701811890278108,35,8,83,42,40,0,1,64.05,0.05
1192,3.2709836959838867,1.5339965101540376,24,6,54,25,29,0,0,63.67,0.05
1193,,0.5026997208814731,51,22,129,66,65,0,2,40.84,0.05
1194,4.035636901855469,0.7799379396280517,24,10,52,19,29,0,4,63.84,0.05
1195,,0.6428201627155488,50,20,136,61,72,0,5,59.73,0.05
1196,3.730607032775879,0.454895836083658,20,10,56,31,25,0,0,63.57,0.05
1197,,1.2411247864668018,28,9,62,28,33,0,1,63.92,0.05
1198,3.9872212409973145,1.6087827177893521,26,6,60,26,32,0,2,63.66,0.05
1199,,1.46698247368208,28,6,82,41,40,0,1,63.9,0.05
1200,3.178637981414795,0.3873683325122677,20,10,44,19,23,0,2,63.77,0.05
1201,,1.1337737586850323,24,8,58,28,29,0,1,63.95,0.05
1202,4.100460052490234,0.6649079803150747,22,10,68,28,38,0,2,63.89,0.05
1203,,1.1319614413023293,30,10,80,28,49,0,3,64.01,0.05
1204,3.931145668029785,1.1671851308535175,26,8,76,41,34,0,1,63.78,0.05
1205,,1.024882909412508,32,10,100,56,46,0,0,63.88,0.05
1206,3.514620780944824,1.0052015642104122,44,14,131,65,66,0,2,64.14,0.05
1207,,0.9791670814587211,22,8,54,28,24,0,2,63.74,0.05
1208,3.5481109619140625,0.7658150548410433,30,13,96,50,44,0,2,63.92,0.05
1209,,1.3054998712010908,25,8,56,27,29,0,0,64.29,0.05
1210,3.3462281227111816,0.3257905346308696,28,14,64,39,24,0,1,63.84,0.05
1211,,-0.3966356207554283,22,16,60,29,30,0,1,63.96,0.05
1212,3.601538896560669,0.7135242016074554,28,12,78,47,31,0,0,63.81,0.05
1213,,0.6417014211772913,18,8,34,17,17,0,0,63.76,0.05
1214,3.3106162548065186,1.5446870915649427,37,6,109,55,51,0,5,64.05,0.05
1215,,0.8194655982445701,34,14,70,33,34,0,3,64.1,0.05
1216,3.800690174102783,1.0628835870445865,34,12,86,46,40,0,0,63.78,0.05
1217,,0.3944782011967731,20,10,44,22,22,0,0,63.78,0.05
1218,3.5716333389282227,0.16570430708394582,26,14,54,21,32,0,1,63.68,0.05
1219,,0.6026297984626657,22,10,42,19,23,0,0,63.88,0.05
1220,4.186888694763184,1.4975393328665736,38,8,86,48,40,0,0,63.67,0.05
1221,,1.2112309350232657,36,10,84,41,43,0,2,64.08,0.05
1222,3.3982834815979004,1.1744948538782776,32,10,68,32,35,0,1,64.57,0.05
1223,,0.2176245963748147,26,14,54,28,26,0,0,63.92,0.05
1224,3.6611385345458984,-0.37647794016194375,28,18,54,30,23,0,1,63.82,0.05
1225,,0.9218283498255042,26,10,62,24,37,0,1,63.99,0.05
1226,3.2408220767974854,0.2558260722919486,24,12,60,33,27,0,2,64.01,0.05
1227,,-0.6441917287409767,20,14,40,22,15,0,3,63.72,0.05
1228,3.8634324073791504,1.417229668188609,22,6,50,17,31,0,2,63.67,0.05
1229,,0.9259351533622308,42,15,96,51,47,0,2,63.94,0.05
1230,3.7898263931274414,1.5648310744934122,34,8,82,42,37,0,3,63.78,0.05
1231,,0.8785046053165844,50,18,124,66,61,0,0,48.35,0.05
1232,3.4620132446289062,1.2709490290683763,30,8,76,38,40,0,0,63.65,0.05
1233,,0.9230013706931458,43,16,122,61,57,0,4,64.16,0.05
1234,3.130643129348755,0.7172704223688832,32,14,69,40,28,0,1,63.74,0.05
1235,,0.8373477283830334,32,12,62,40,24,0,0,63.63,0.05
1236,3.2716586589813232,0.1997561732919386,26,14,56,27,28,0,1,63.62,0.05
1237,,0.6159364012757804,28,12,62,32,32,0,0,63.92,0.05
1238,3.1924521923065186,1.8179867462074206,26,4,66,33,30,0,3,63.7,0.05
1239,,0.8307706587173339,20,8,50,17,32,0,1,63.58,0.05
1240,3.78637433052063,0.6448663803945001,35,16,95,53,41,0,1,63.82,0.05
1241,,0.9219503878109692,26,8,70,26,46,0,0,63.79,0.05
1242,3.8816685676574707,1.6911718477950768,32,6,82,33,47,0,2,63.76,0.05
1243,,1.348444278867784,34,10,74,39,33,0,2,63.79,0.05
1244,3.692634105682373,1.2215320662597908,32,8,86,40,48,0,0,63.77,0.05
1245,,0.7371160279021731,30,12,98,45,51,0,2,63.89,0.05
1246,3.1297640800476074,1.551905617970103,40,10,92,54,37,0,1,63.99,0.05
1247,,0.0029341595405606435,26,14,48,19,29,0,2,63.77,0.05
1248,4.294036865234375,0.47844776677955186,24,12,64,26,37,0,1,63.74,0.05
1249,,0.9445429010900993,42,16,129,55,70,0,4,64.18,0.05
1250,3.431926727294922,0.4460570791373221,41,20,98,51,46,0,1,64.01,0.05
1251,,0.6796119069131424,36,16,85,41,44,0,0,63.46,0.05
1252,3.686734199523926,0.7903641619831637,24,10,38,18,20,0,0,63.62,0.05
1253,,1.9449922845110201,34,6,70,36,33,0,1,63.85,0.05
1254,3.7595958709716797,1.4428552915543835,34,8,84,35,50,0,1,63.88,0.05
1255,,0.7855671221744672,24,10,54,29,24,0,1,63.81,0.05
1256,3.385287046432495,1.117193546178599,32,10,104,41,62,0,1,63.71,0.05
1257,,1.7987716692781623,28,6,58,28,28,0,2,63.57,0.05
1258,2.775071144104004,0.7707085778306294,24,10,48,24,23,0,1,63.44,0.05
1259,,1.1450787431488851,30,10,68,31,37,0,0,63.87,0.05
1260,4.237227439880371,1.2984780854991633,44,10,132,71,65,0,0,63.82,0.05
1261,,0.9600756933648595,28,10,74,40,34,0,0,63.45,0.05
1262,3.419485092163086,1.121447724401385,30,10,76,30,46,0,0,63.45,0.05
1263,,1.0302826499631164,28,10,66,39,25,0,2,63.44,0.05
1264,3.4257755279541016,1.6239517847415783,22,4,56,28,30,0,0,63.44,0.05
1265,,1.3141620979972906,36,10,94,51,41,0,2,63.77,0.05
1266,3.431580066680908,1.122077003697883,30,10,73,39,32,0,2,63.51,0.05
1267,,0.7527406191605737,28,12,64,37,27,0,0,63.6,0.05
1268,3.128872871398926,0.4654899335976529,20,10,50,24,25,0,1,63.6,0.05
1269,,1.3736583768858872,22,6,56,24,31,0,1,63.83,0.05
1270,3.6331534385681152,1.253363710954138,26,8,60,25,35,0,0,63.77,0.05
1271,,1.093057496083159,26,8,75,36,37,0,2,63.7,0.05
1272,3.1707568168640137,1.2588754795717525,26,8,62,29,29,0,4,63.49,0.05
1273,,0.6537212718046487,40,18,78,45,30,0,3,63.8,0.05
1274,3.566977024078369,0.6208323293239978,24,10,58,34,26,0,0,63.27,0.05
1275,,2.0954638725547516,34,4,78,42,36,0,0,63.74,0.05
