epoch,loss,average reward,conflicts,LoS,action LEFT,action RIGHT,action DIRECT,action LNAV,duration
1,,-0.37191011235955057,100,79,1473,535,0,662,68.26
2,,-0.3492675404780262,100,70,1427,501,0,666,62.95
3,,-0.3393994540491356,101,80,1175,492,0,531,59.81
4,,-0.36714399363564043,101,83,1332,586,0,596,61.39
5,8400.7392578125,-0.3677304964539007,100,81,1529,590,0,701,81.84
6,,-0.37552447552447554,100,92,2026,0,0,834,56.38
7,,-0.35910224438902744,101,83,1605,0,0,801,68.43
8,,-0.38187451587916343,101,87,1758,0,0,824,57.16
9,,-0.37254237288135594,102,80,2028,0,0,922,63.9
10,5202.22998046875,-0.36603910209992757,100,87,1881,0,0,881,61.26
11,,-0.347148288973384,100,85,2244,0,0,386,56.22
12,,-0.38014440433213,102,89,2121,0,0,649,56.59
13,,-0.39316239316239315,101,86,2334,0,0,474,60.07
14,,-0.3916058394160584,103,91,1891,0,0,849,65.47
15,3000.241943359375,-0.35337552742616035,100,88,2026,0,0,818,62.06
16,,-0.36999182338511855,101,89,1640,0,0,806,59.19
17,,-0.3380338436744561,105,81,1710,0,0,772,58.35
18,,-0.3625541125541126,100,80,1856,0,0,916,60.24
19,,-0.3731936416184971,101,79,1832,0,0,936,72.69
20,894.7342529296875,-0.4106429349800218,103,90,4673,0,0,833,81.88
21,,-0.35415162454873644,101,82,1295,94,0,1381,73.58
22,,-0.3579447322970639,101,79,1291,66,0,959,54.3
23,,-0.3602065131056394,100,80,1284,94,0,1140,59.47
24,,-0.37109375,100,88,1222,74,0,1264,61.29
25,438.4869384765625,-0.37316176470588236,100,83,1307,30,0,1383,63.4
26,,-0.3517823639774859,100,82,970,84,0,1078,60.79
27,,-0.364853195164076,101,80,1033,142,0,1141,59.77
28,,-0.3837018837018837,101,79,1091,143,0,1208,57.5
29,,-0.36826843413421706,100,83,1093,99,0,1222,58.29
30,521.4951171875,-0.3652173913043478,100,84,1081,237,0,1212,63.14
31,,-0.35815102328863796,100,76,1241,0,0,1593,69.93
32,,-0.3616935483870968,101,75,1100,0,0,1380,58.98
33,,-0.3732394366197183,101,76,1049,0,0,1365,63.34
34,,-0.3532740501212611,100,75,1082,0,0,1392,68.22
35,542.0869140625,-0.3896276595744681,100,83,1276,0,0,1732,74.71
36,,-0.33785942492012777,100,70,1046,0,0,1458,62.38
37,,-0.34018456375838924,100,72,987,0,0,1397,62.76
38,,-0.3580071174377224,101,80,1201,0,0,1609,68.54
39,,-0.3872239747634069,102,79,1065,0,0,1471,55.56
40,749.2354736328125,-0.36246081504702193,100,73,1051,0,0,1501,64.63
41,,-0.3864035087719298,101,88,974,560,0,746,59.65
42,,-0.34255129348795715,100,80,963,551,0,728,63.71
43,,-0.3528938906752412,101,80,1001,547,0,940,64.0
44,,-0.3637370753323486,101,86,1070,581,0,1057,62.63
45,635.2411499023438,-0.3642979452054795,101,82,976,531,0,829,61.14
46,,-0.35452961672473865,101,83,1073,288,0,935,57.46
47,,-0.3584070796460177,100,80,928,150,0,956,63.67
48,,-0.3504446240905416,100,74,1057,101,0,1316,64.5
49,,-0.3503787878787879,101,78,1122,207,0,1311,72.17
50,401.0216064453125,-0.36062557497700093,100,79,974,180,0,1020,60.8
51,,-0.36187113857016767,100,73,1029,0,0,1237,63.51
52,,-0.3893992932862191,101,86,1253,0,0,1577,64.1
53,,-0.39890534449452675,100,85,1349,0,0,1757,75.58
54,,-0.37104072398190047,100,76,1136,0,0,1516,68.19
55,307.0567626953125,-0.38166089965397926,102,86,1199,0,0,1691,76.9
56,,-0.352068345323741,100,75,1003,341,0,880,59.38
57,,-0.33663366336633666,100,72,862,250,0,706,56.77
58,,-0.3620546810273405,100,79,1074,304,0,1036,62.28
59,,-0.35714285714285715,100,71,1039,242,0,1029,62.74
60,117.2640609741211,-0.3560794044665012,100,90,1131,305,0,982,60.38
61,,-0.38068669527897,100,85,1443,41,0,846,55.31
62,,-0.37214791502753736,101,81,1298,54,0,1190,66.17
63,,-0.36423584173778123,100,76,1372,26,0,1180,66.28
64,,-0.3650611620795107,101,78,1237,69,0,1310,68.36
65,153.9078369140625,-0.3907446068197634,100,82,1484,47,0,1343,64.73
66,,-0.352132701421801,100,74,1245,0,0,865,55.51
67,,-0.36824324324324326,101,80,1331,0,0,1037,73.09
68,,-0.3637916310845431,100,77,1367,0,0,975,62.05
69,,-0.37269076305220883,100,86,1419,0,0,1071,62.0
70,143.74197387695312,-0.363901018922853,100,77,1569,2,0,1177,76.97
71,,-0.35073409461663946,102,75,1115,343,0,994,60.86
72,,-0.34991496598639454,100,78,1062,320,0,970,63.75
73,,-0.3585069444444444,100,86,1052,409,0,843,59.7
74,,-0.3422727272727273,101,78,962,373,0,865,59.07
75,170.32957458496094,-0.35281195079086114,100,77,1040,364,0,872,63.98
76,,-0.34911242603550297,100,79,1092,439,0,835,64.86
77,,-0.36341698841698844,101,86,995,343,0,734,54.72
78,,-0.34933920704845817,100,82,1060,354,0,856,57.13
79,,-0.34797297297297297,100,75,1046,331,0,991,65.6
80,74.5823974609375,-0.37266553480475384,100,85,1025,326,0,1005,58.89
81,,-0.37794216543375925,100,85,1427,0,0,1547,67.74
82,,-0.3546837469975981,100,72,1140,0,0,1358,62.65
83,,-0.3730703259005146,100,78,1130,0,0,1202,58.25
84,,-0.35565356856455493,100,68,1134,0,0,1360,64.88
85,102.07289123535156,-0.36930455635491605,100,77,1139,0,0,1363,63.17
86,,-0.35714285714285715,101,82,993,339,0,726,58.94
87,,-0.3538011695906433,100,84,1143,366,0,885,60.61
88,,-0.34575389948006935,100,79,1134,410,0,764,56.87
89,,-0.35372112917023096,101,82,1088,279,0,971,61.85
90,149.2277374267578,-0.3597222222222222,100,79,1054,304,0,802,56.56
91,,-0.35842293906810035,101,74,1208,376,0,648,57.4
92,,-0.35137457044673537,100,79,1292,292,0,744,57.5
93,,-0.3786733837111671,100,83,1362,302,0,718,57.94
94,,-0.3610210696920583,104,83,1405,355,0,708,62.8
95,93.96743774414062,-0.35804263565891475,100,81,1208,300,0,556,56.11
96,,-0.35938759065269943,103,81,1438,419,0,625,62.18
97,,-0.34322453016815035,102,83,1156,303,0,563,61.07
98,,-0.36082474226804123,100,87,1412,343,0,573,57.95
99,,-0.35344827586206895,100,82,1293,371,0,540,60.68
100,74.92546081542969,-0.33460076045627374,100,78,1191,385,0,528,55.96
101,,-0.3814472671285604,100,80,1289,35,0,1274,68.57
102,,-0.3892935178441369,103,83,1333,74,0,1339,67.42
103,,-0.3474178403755869,102,77,1211,42,0,1303,66.0
104,,-0.36613351877607786,101,78,1434,50,0,1392,71.07
105,56.8592529296875,-0.3805970149253731,100,82,1397,40,0,1243,68.46
106,,-0.37628865979381443,100,84,1252,0,0,1464,68.65
107,,-0.35930918281381635,100,75,1064,0,0,1310,63.47
108,,-0.3638845553822153,101,72,1144,0,0,1420,64.61
109,,-0.37150127226463103,101,82,1117,0,0,1241,62.02
110,40.182891845703125,-0.3848895224518888,101,80,1270,0,0,1536,68.98
111,,-0.31852551984877125,100,70,1174,411,0,531,55.17
112,,-0.35813148788927335,100,78,1282,422,0,608,61.64
113,,-0.3375,102,78,1263,496,0,561,65.68
114,,-0.37598597721297106,100,76,1220,428,0,634,58.07
115,47.061317443847656,-0.3491541353383459,100,76,1156,376,0,596,64.53
116,,-0.35714285714285715,101,76,1311,0,0,1517,65.46
117,,-0.3782442748091603,100,82,1255,0,0,1365,67.75
118,,-0.37254187909686814,100,82,1254,0,0,1492,60.84
119,,-0.3529182879377432,100,67,1256,0,0,1314,67.27
120,40.41401672363281,-0.3679890560875513,100,79,1289,0,0,1635,71.53
121,,-0.35714285714285715,100,79,1047,354,0,853,66.84
122,,-0.33495145631067963,100,78,1027,363,0,876,63.34
123,,-0.38456420492348636,101,81,1318,359,0,1329,72.8
124,,-0.37921146953405016,100,84,1303,343,0,1144,65.37
125,45.52572250366211,-0.3707165109034268,100,83,1192,369,0,1007,62.96
126,,-0.3542009884678748,100,82,1377,0,0,1051,59.44
127,,-0.37768817204301075,100,86,1634,0,0,1342,73.97
128,,-0.3693054518297237,100,77,1571,0,0,1107,63.0
129,,-0.361,100,80,1664,0,0,1336,65.68
130,36.731224060058594,-0.3683806600153492,101,79,1672,0,0,934,67.13
131,,-0.35413153456998314,101,86,1060,488,0,824,61.05
132,,-0.3487603305785124,102,75,1115,504,0,801,58.81
133,,-0.3497835497835498,100,80,1053,477,0,780,63.23
134,,-0.3527257933279089,102,80,1087,521,0,850,64.51
135,29.57540512084961,-0.33424657534246577,102,69,1094,389,0,707,63.29
136,,-0.36461967899511516,102,83,1454,61,0,1351,72.71
137,,-0.3529647435897436,100,79,1357,23,0,1116,61.22
138,,-0.35671417854463616,100,82,1349,65,0,1252,67.19
139,,-0.35207336523126,101,72,1254,40,0,1214,71.47
140,27.038925170898438,-0.35759244689221087,103,76,1263,65,0,1214,61.4
141,,-0.3706189410887398,100,84,1200,0,0,1482,73.0
142,,-0.3699619771863118,100,79,1309,0,0,1321,64.57
143,,-0.37342215988779803,101,82,1349,0,0,1503,66.56
144,,-0.37990936555891236,100,89,1331,0,0,1317,65.03
145,17.62179183959961,-0.3741438356164384,100,84,1130,0,0,1206,62.33
146,,-0.37299771167048057,100,77,1152,0,0,1470,63.52
147,,-0.3916849015317287,100,91,1137,0,0,1605,74.67
148,,-0.3720754716981132,100,77,1176,0,0,1474,63.57
149,,-0.3706106870229008,100,73,1054,0,0,1566,70.33
150,27.661502838134766,-0.3908216136195411,100,82,1182,0,0,1520,67.25
151,,-0.38254310344827586,100,93,1201,443,0,1140,63.14
152,,-0.3799654576856649,100,83,1068,310,0,938,63.45
153,,-0.3634064080944351,100,76,1030,345,0,997,63.75
154,,-0.36677240285487706,101,87,1117,367,0,1038,68.55
155,30.09857940673828,-0.3657917019475021,100,73,1035,335,0,992,59.91
156,,-0.3733221476510067,100,80,1382,0,0,1002,57.56
157,,-0.3591184096802074,100,80,1437,0,0,877,65.59
158,,-0.3907335907335907,100,80,1642,0,0,948,58.88
159,,-0.38107511045655373,100,81,1602,0,0,1114,69.82
160,30.136892318725586,-0.3396305625524769,100,71,1480,0,0,902,59.16
161,,-0.37991718426501037,100,85,1315,0,0,1583,69.33
162,,-0.37355907780979825,100,82,1259,0,0,1517,64.23
163,,-0.3708133971291866,100,80,1176,0,0,1332,63.36
164,,-0.35719754977029095,100,77,1102,0,0,1510,64.04
165,45.65973663330078,-0.35084882780921584,100,79,1123,0,0,1351,63.31
166,,-0.36296033994334276,100,83,1244,0,0,1580,71.61
167,,-0.33416046319272125,100,74,1113,0,0,1305,65.86
168,,-0.3915960451977401,100,85,1260,0,0,1572,67.76
169,,-0.3685145700071073,101,80,1268,0,0,1546,69.01
170,25.808509826660156,-0.3714699493120927,101,83,1224,0,0,1538,65.19
171,,-0.36501597444089456,102,74,1110,0,0,1394,65.05
172,,-0.3590289608177172,100,81,1094,0,0,1254,64.3
173,,-0.3779869659666908,102,81,1286,0,0,1476,64.84
174,,-0.36106811145510836,100,76,1070,0,0,1514,66.55
175,39.11817932128906,-0.3725296442687747,101,84,1258,0,0,1778,76.12
176,,-0.3555767397521449,100,75,955,27,0,1116,58.37
177,,-0.3722264728385616,101,75,1151,34,0,1429,60.79
178,,-0.362555720653789,100,81,1191,38,0,1463,66.23
179,,-0.35714285714285715,100,82,1094,29,0,1299,64.38
180,30.270790100097656,-0.3584905660377358,101,76,1216,49,0,1597,69.74
181,,-0.3661753297129558,100,77,1181,0,0,1397,68.67
182,,-0.3549124143183549,100,75,1358,0,0,1268,61.66
183,,-0.3812636165577342,100,84,1296,0,0,1458,67.82
184,,-0.36142172523961663,100,74,1143,0,0,1361,61.03
185,32.93587875366211,-0.37367624810892586,101,78,1275,0,0,1369,67.63
186,,-0.36813643926788686,100,77,1393,0,0,1011,59.46
187,,-0.376056338028169,101,85,1639,0,0,1201,66.14
188,,-0.35284552845528455,100,79,1441,0,0,1019,58.92
189,,-0.35083848190644307,100,74,1268,0,0,998,60.12
190,29.602638244628906,-0.3708301008533747,100,81,1406,0,0,1172,61.93
191,,-0.3560732113144759,100,82,1090,47,0,1267,65.59
192,,-0.36356209150326796,100,87,1080,95,0,1273,61.59
193,,-0.3797224363916731,101,85,1161,106,0,1327,69.03
194,,-0.36973180076628354,100,75,1127,104,0,1379,67.34
195,31.388195037841797,-0.3340909090909091,102,69,1023,75,0,1102,83.36
196,,-0.38666180758017493,100,82,1614,0,0,1130,63.9
197,,-0.358974358974359,102,78,1628,7,0,1095,64.72
198,,-0.36357986326911124,100,88,2045,9,0,1164,69.82
199,,-0.3923658872077029,100,82,1569,18,0,1321,66.79
200,38.139122009277344,-0.36163522012578614,100,78,1328,10,0,1206,64.19
201,,-0.3646341463414634,100,76,1131,170,0,1159,58.35
202,,-0.36248073959938365,100,85,1218,125,0,1253,61.39
203,,-0.36725325172149964,100,82,1188,175,0,1251,65.07
204,,-0.3546666666666667,100,83,1053,168,0,1029,59.29
205,26.083297729492188,-0.3524720893141946,100,73,1044,159,0,1305,65.18
206,,-0.36528497409326427,101,77,1630,312,0,760,63.23
207,,-0.37011070110701105,101,89,1790,244,0,676,62.74
208,,-0.34782608695652173,100,82,1469,170,0,569,60.75
209,,-0.38545953360768176,100,89,2037,180,0,699,69.53
210,56.16343688964844,-0.33202742409402547,100,73,1320,185,0,537,57.01
211,,-0.3956884561891516,100,80,1269,0,0,1607,67.4
212,,-0.3907649896623019,101,86,1272,0,0,1630,68.83
213,,-0.3893026404874746,100,79,1287,0,0,1667,67.87
214,,-0.4014184397163121,100,85,1286,0,0,1534,69.07
215,65.4723129272461,-0.3709319526627219,100,80,1197,0,0,1507,68.12
216,,-0.3882907133243607,100,78,1272,83,0,1617,70.63
217,,-0.36498761354252685,100,73,1099,75,0,1248,58.88
218,,-0.37389558232931724,101,75,1145,45,0,1300,61.02
219,,-0.3794851794071763,100,82,1165,85,0,1314,63.73
220,32.232688903808594,-0.34472573839662446,101,85,1018,64,0,1288,60.18
221,,-0.3595106550907656,100,76,1123,0,0,1411,63.02
222,,-0.38109495295124035,101,82,1064,0,0,1274,63.34
223,,-0.3498402555910543,100,73,1095,0,0,1409,71.84
224,,-0.3556430446194226,101,77,1017,0,0,1269,61.58
225,31.275739669799805,-0.37184115523465705,101,82,1244,0,0,1526,68.8
226,,-0.3635996771589992,100,72,1167,0,0,1311,60.43
227,,-0.37059294871794873,101,77,1108,0,0,1388,73.24
228,,-0.3773987206823028,100,79,1243,0,0,1571,63.85
229,,-0.3538102643856921,100,77,1183,0,0,1389,64.41
230,25.007646560668945,-0.3563129357087529,100,74,1180,0,0,1402,63.97
231,,-0.3443238731218698,100,74,1050,0,0,1346,68.46
232,,-0.35398230088495575,100,78,1103,0,0,1383,66.83
233,,-0.3702485380116959,100,85,1242,0,0,1494,67.26
234,,-0.3827948910593539,101,81,1237,0,0,1425,68.25
235,15.325745582580566,-0.3796829971181556,100,76,1202,0,0,1574,67.24
236,,-0.3704954954954955,100,87,1205,0,0,1459,64.8
237,,-0.36610169491525424,100,81,1436,0,0,1514,66.85
238,,-0.3640495867768595,101,75,1227,0,0,1193,61.92
239,,-0.3766851704996035,100,79,1237,0,0,1285,65.37
240,25.139907836914062,-0.37694588584136396,100,75,1390,0,0,1308,60.69
241,,-0.3580301685891748,101,83,988,105,0,1161,60.8
242,,-0.38,101,82,1101,122,0,1377,63.9
243,,-0.3549000951474786,101,78,964,91,0,1047,58.49
244,,-0.32942238267148016,100,71,1021,152,0,1043,59.61
245,16.008886337280273,-0.3731800766283525,100,78,1129,145,0,1336,75.0
246,,-0.34889867841409694,100,78,1387,299,0,584,62.56
247,,-0.3542770628311885,100,86,1735,355,0,552,60.17
248,,-0.36732533521524346,100,80,1812,357,0,665,63.24
249,,-0.3718454258675079,102,75,1533,354,0,649,63.58
250,18.32676887512207,-0.36199664429530204,100,77,1556,288,0,540,65.44
251,,-0.3763265306122449,100,77,1059,0,0,1391,79.35
252,,-0.37373343725643027,101,73,1098,1,0,1467,64.61
253,,-0.37146321746160066,100,82,1091,0,0,1383,64.71
254,,-0.37882547559966917,101,78,1115,0,0,1303,64.63
255,17.863445281982422,-0.38256227758007116,100,80,1190,0,0,1620,104.45
256,,-0.38536409516943043,101,85,1183,4,0,1587,65.68
257,,-0.34955028618152084,100,77,1105,0,0,1341,64.66
258,,-0.3541341653666147,100,79,1165,0,0,1399,62.8
259,,-0.37261146496815284,100,75,1122,0,0,1390,63.85
260,20.061355590820312,-0.3652024117140396,100,82,1098,0,0,1224,59.91
261,,-0.3459967320261438,100,77,1358,0,0,1090,63.38
262,,-0.3740768094534712,102,79,1400,0,0,1308,60.2
263,,-0.3755813953488372,100,80,1457,0,0,1123,61.72
264,,-0.3509991311902693,100,68,1395,0,0,907,56.37
265,26.15289306640625,-0.3707354056103108,102,86,1320,0,0,1318,68.58
266,,-0.37467277486910994,102,84,1779,23,0,1254,69.83
267,,-0.3821656050955414,100,74,1641,119,0,1066,67.02
268,,-0.3412576687116564,101,76,1501,50,0,1057,61.4
269,,-0.3781609195402299,100,85,1465,47,0,1098,66.53
270,18.533954620361328,-0.3871886120996441,101,87,1646,42,0,1122,67.29
271,,-0.37030075187969924,104,89,1526,0,0,1134,63.44
272,,-0.3780584056827151,101,85,1471,0,0,1063,64.9
273,,-0.35495118549511856,101,82,1634,0,0,1234,65.21
274,,-0.3784046692607004,100,82,1705,0,0,1379,71.97
275,27.32132911682129,-0.3674033149171271,100,76,1543,0,0,1353,68.97
276,,-0.34300184162062614,100,75,1014,8,0,1150,55.16
277,,-0.3547979797979798,101,71,1124,16,0,1236,62.08
278,,-0.35141509433962265,100,76,1112,49,0,1383,63.77
279,,-0.36171875,101,76,1126,29,0,1405,64.52
280,20.825820922851562,-0.387987012987013,100,86,1102,25,0,1337,60.62
281,,-0.3740399385560676,100,84,1190,0,0,1414,62.87
282,,-0.37974230493915534,100,86,1208,0,0,1586,85.02
283,,-0.36387434554973824,101,76,992,0,0,1300,66.27
284,,-0.37933425797503467,100,80,1325,0,0,1559,63.1
285,19.49380111694336,-0.37591776798825255,100,77,1264,0,0,1460,80.57
286,,-0.3751962323390895,100,81,1109,20,0,1419,70.74
287,,-0.37321711568938193,101,79,1101,35,0,1388,62.14
288,,-0.37942477876106195,101,77,1246,37,0,1429,62.32
289,,-0.3889293517844137,100,80,1210,11,0,1525,64.39
290,31.82908821105957,-0.38062700964630225,100,81,1028,44,0,1416,80.63
291,,-0.37337192474674386,100,82,1540,0,0,1224,65.68
292,,-0.3863065326633166,102,90,1675,0,0,1509,67.06
293,,-0.3925081433224756,100,87,1643,0,0,1427,67.97
294,,-0.36752136752136755,100,75,1421,0,0,1153,62.06
295,27.573034286499023,-0.3946095369730477,100,86,1576,0,0,1318,89.44
296,,-0.3823321554770318,100,74,1241,0,0,1589,85.06
297,,-0.38766368022053754,100,75,1250,0,0,1652,71.83
298,,-0.3671875,100,81,1211,0,0,1605,65.2
299,,-0.3446139180171592,100,79,987,0,0,1111,72.89
300,34.006927490234375,-0.3759305210918114,100,80,1050,0,0,1368,80.38
301,,-0.36953184957789714,100,81,1325,130,0,1151,72.44
302,,-0.36791730474732004,100,75,1339,131,0,1142,63.64
303,,-0.36958234830575254,100,80,1284,131,0,1123,60.49
304,,-0.36637239165329055,101,81,1300,121,0,1071,58.02
305,18.425643920898438,-0.3569206842923795,100,75,1330,150,0,1092,78.98
306,,-0.37453737971872686,102,81,1757,69,0,876,61.83
307,,-0.3727469358327325,100,80,1894,109,0,771,62.27
308,,-0.3599374021909233,101,82,1760,48,0,748,57.54
309,,-0.38366666666666666,100,87,1982,96,0,922,69.83
310,30.259876251220703,-0.34330143540669855,100,79,1734,87,0,687,58.05
311,,-0.32911944202266785,100,74,1005,0,0,1289,74.09
312,,-0.37440191387559807,100,80,1108,0,0,1400,65.0
313,,-0.3745247148288973,101,88,1207,0,0,1423,64.14
314,,-0.33965244865718797,100,73,1123,0,0,1409,71.75
315,29.373241424560547,-0.3671135646687697,101,83,1171,0,0,1365,90.33
316,,-0.36094920899250627,100,77,1443,0,0,959,55.33
317,,-0.35732113144758737,100,83,1318,0,0,1086,65.35
318,,-0.3653523489932886,100,84,1349,0,0,1035,65.21
319,,-0.3822314049586777,101,85,1313,0,0,1107,62.57
320,24.876449584960938,-0.3563786008230453,100,76,1560,0,0,870,57.66
321,,-0.3702485380116959,100,80,1133,0,0,1603,66.04
322,,-0.3682699210337401,102,83,1195,0,0,1591,62.06
323,,-0.3726872246696035,100,81,1018,0,0,1252,55.89
324,,-0.37797619047619047,100,81,1208,0,0,1480,63.12
325,29.566585540771484,-0.36092468307233405,100,72,1201,0,0,1481,61.71
326,,-0.3408289241622575,101,76,1009,93,0,1166,64.68
327,,-0.36,100,84,1112,119,0,1269,62.02
328,,-0.3663453111305872,103,79,1004,56,0,1222,80.42
329,,-0.36418359668924005,101,79,1202,110,0,1346,69.68
330,34.57439422607422,-0.35279685966633956,102,80,927,99,0,1012,75.94
331,,-0.34814495254529765,100,83,1046,0,0,1272,71.39
332,,-0.35052377115229655,102,76,1169,0,0,1313,87.64
333,,-0.3585714285714286,100,83,1270,0,0,1530,66.06
334,,-0.3718518518518519,100,76,1263,0,0,1437,65.29
335,35.781211853027344,-0.37054631828978624,101,79,1243,0,0,1283,89.08
336,,-0.39517291066282423,101,90,1230,195,0,1351,61.13
337,,-0.38765432098765434,100,84,1156,193,0,1081,64.8
338,,-0.3679727427597956,100,86,1072,220,0,1056,53.78
339,,-0.375487900078064,101,82,1157,140,0,1265,58.86
340,27.360916137695312,-0.36731107205623903,100,77,993,200,0,1083,69.65
341,,-0.36617647058823527,102,76,1224,0,0,1496,61.43
342,,-0.36683848797250856,100,77,1101,0,0,1227,60.33
343,,-0.3718535469107552,102,80,1237,0,0,1385,58.18
344,,-0.3913202042304887,100,78,1323,0,0,1419,59.7
345,27.301828384399414,-0.35753317720530836,100,76,1271,0,0,1291,60.51
346,,-0.3890020366598778,100,89,1872,199,0,875,65.36
347,,-0.35353130016051365,100,78,1504,254,0,734,73.86
348,,-0.3847305389221557,101,77,1594,230,0,848,63.88
349,,-0.3673708920187793,101,80,1661,212,0,683,72.37
350,23.519344329833984,-0.37345932621199673,100,82,1480,158,0,796,95.2
351,,-0.37263339070567986,100,74,1061,0,0,1263,67.99
352,,-0.37920489296636084,100,80,1154,32,0,1430,83.26
353,,-0.3662020905923345,100,81,1258,1,0,1611,66.43
354,,-0.3633998265394623,103,79,993,0,0,1313,58.98
355,21.277019500732422,-0.370668815471394,101,80,1038,0,0,1444,81.54
356,,-0.3761744966442953,100,80,1442,16,0,1522,70.72
357,,-0.3616761594792514,101,76,1157,44,0,1257,64.09
358,,-0.35911371237458195,101,78,1165,16,0,1211,60.31
359,,-0.3815573770491803,100,81,1142,28,0,1270,59.54
360,16.07154655456543,-0.34819454679439943,100,77,1248,23,0,1443,66.64
361,,-0.34671221178479933,100,78,1053,84,0,1205,71.64
362,,-0.3652694610778443,100,78,1170,68,0,1434,63.83
363,,-0.3660637381567614,100,83,999,71,0,1252,65.09
364,,-0.3533440773569702,100,72,1053,60,0,1369,71.63
365,23.901512145996094,-0.3616427432216906,101,79,1083,67,0,1358,108.32
366,,-0.3784696174043511,100,76,1201,0,0,1465,81.81
367,,-0.3663065496286293,100,81,1322,0,0,1640,66.09
368,,-0.3902002861230329,100,78,1196,0,0,1600,66.11
369,,-0.37558869701726844,100,78,1176,0,0,1372,57.82
370,17.354999542236328,-0.36219221604447976,100,68,1162,0,0,1356,78.76
371,,-0.3649665551839465,100,86,1112,0,0,1280,61.39
372,,-0.3682656826568266,100,71,1180,0,0,1530,63.3
373,,-0.3504775900073475,100,82,1185,0,0,1537,62.85
374,,-0.3788332086761406,100,86,1200,0,0,1474,64.72
375,29.4005184173584,-0.3864455659697188,100,84,1179,0,0,1595,70.93
376,,-0.3521008403361345,100,78,1123,515,0,742,69.62
377,,-0.33943427620632277,102,78,1256,535,0,613,66.15
378,,-0.3460601137286759,101,76,1198,542,0,722,61.53
379,,-0.3737957610789981,100,83,1111,434,0,531,61.42
380,28.099231719970703,-0.3680672268907563,100,78,1271,485,0,624,89.42
381,,-0.3496985357450474,100,80,1018,0,0,1304,60.67
382,,-0.37399355877616747,102,72,1113,0,0,1371,68.68
383,,-0.3853677621283255,101,79,1163,0,0,1393,67.11
384,,-0.36638264910921764,101,77,1187,0,0,1395,73.8
385,29.078123092651367,-0.3850574712643678,100,82,1313,0,0,1471,79.65
386,,-0.35284552845528455,100,72,1194,516,0,750,64.8
387,,-0.3549651567944251,100,79,1157,480,0,659,68.68
388,,-0.35875943000838223,100,86,1195,530,0,661,52.51
389,,-0.32872655478775914,100,77,1022,427,0,577,56.74
390,29.7763614654541,-0.3508986928104575,103,79,1213,526,0,709,76.93
391,,-0.34513651877133106,100,77,1393,319,0,632,59.59
392,,-0.3730031948881789,105,81,1431,341,0,732,56.96
393,,-0.3784773060029283,102,88,1622,332,0,778,58.47
394,,-0.3826342899190581,100,92,1478,323,0,917,60.48
395,19.948293685913086,-0.38293051359516617,101,79,1550,344,0,754,60.08
396,,-0.3485558157689305,103,80,1168,86,0,1308,56.61
397,,-0.37653814602132896,101,76,1112,38,0,1288,62.17
398,,-0.37082728592162556,100,84,1172,63,0,1521,63.17
399,,-0.35344827586206895,100,77,1038,45,0,1237,60.46
400,30.762405395507812,-0.3442088091353997,101,76,1084,61,0,1307,62.19
401,,-0.37596302003081666,101,83,1179,0,0,1417,63.45
402,,-0.3669384729429207,102,76,1131,8,0,1559,69.88
403,,-0.36600587371512483,100,83,1172,1,0,1551,69.92
404,,-0.3538273615635179,100,78,1044,1,0,1411,64.24
405,23.685482025146484,-0.3713872832369942,101,82,1194,9,0,1565,62.49
406,,-0.3606945540647198,101,82,1631,30,0,873,61.1
407,,-0.3656405990016639,100,78,1506,7,0,891,64.99
408,,-0.3979328165374677,101,92,1858,17,0,1221,61.62
409,,-0.37949101796407186,102,82,1646,12,0,1014,65.43
410,20.098731994628906,-0.3754243041412084,100,79,1813,8,0,1125,67.97
411,,-0.38364553314121036,100,79,1209,84,0,1483,63.41
412,,-0.359402460456942,100,78,951,30,0,1295,61.65
413,,-0.36756960120391274,100,84,1156,77,0,1425,62.06
414,,-0.3647672552166934,101,78,1162,51,0,1279,61.41
415,17.274494171142578,-0.3645833333333333,102,76,1203,62,0,1423,60.08
416,,-0.36106687898089174,100,77,1128,97,0,1287,60.9
417,,-0.3504117108874657,100,83,984,130,0,1072,57.78
418,,-0.38058114812189936,100,84,1202,109,0,1511,62.9
419,,-0.35583333333333333,100,79,1005,114,0,1281,63.02
420,32.24201202392578,-0.39063523248199084,100,82,1317,69,0,1668,63.07
421,,-0.3641304347826087,100,84,1116,567,0,709,58.23
422,,-0.37209302325581395,101,80,1048,522,0,752,54.7
423,,-0.37035541195476573,101,83,1138,544,0,794,57.89
424,,-0.3660159716060337,100,81,1052,534,0,668,57.16
425,37.19060516357422,-0.3572056239015817,102,79,1081,580,0,615,63.56
426,,-0.35395458104933436,101,76,1084,197,0,1273,62.65
427,,-0.37623413258110017,101,85,1279,143,0,1414,69.15
428,,-0.3508771929824561,101,77,1037,144,0,1213,58.22
429,,-0.37398042414355626,100,79,1084,187,0,1181,59.25
430,48.60915756225586,-0.3551367331855137,100,78,1166,187,0,1353,60.36
431,,-0.36152055857253684,100,79,1156,302,0,1120,64.71
432,,-0.3745003996802558,100,84,1127,315,0,1060,61.71
433,,-0.3615123194562447,100,78,1036,246,0,1072,63.73
434,,-0.36674090571640683,100,73,1135,277,0,1282,67.83
435,54.940494537353516,-0.3615794143744454,103,83,971,212,0,1071,61.88
436,,-0.3622656886715566,100,76,1598,242,0,614,63.3
437,,-0.37665684830633284,101,86,1883,156,0,677,57.74
438,,-0.3549874266554904,100,76,1624,176,0,586,58.31
439,,-0.37240584166026136,100,85,1716,235,0,651,61.48
440,59.23624801635742,-0.3419854280510018,100,77,1349,250,0,597,55.3
441,,-0.37657992565055765,101,84,1222,0,0,1468,61.27
442,,-0.37751561415683554,100,85,1268,0,0,1614,66.56
443,,-0.37221795855717577,100,88,1170,0,0,1436,55.98
444,,-0.3492675404780262,100,83,1184,0,0,1410,56.08
445,85.78734588623047,-0.36286137879911046,100,74,1209,0,0,1489,63.11
446,,-0.36077481840193704,100,82,1109,504,0,865,63.48
447,,-0.36884550084889645,100,81,1057,506,0,793,60.7
448,,-0.3213644524236984,102,78,996,491,0,741,59.04
449,,-0.3723323170731707,101,82,1163,537,0,924,63.71
450,85.57331085205078,-0.3582580115036976,100,77,1042,477,0,915,58.33
451,,-0.37701317715959004,100,79,1183,0,0,1549,65.99
452,,-0.38075601374570445,100,81,1280,0,0,1630,65.14
453,,-0.3772691397000789,100,84,1069,0,0,1465,64.43
454,,-0.39407356948228883,100,83,1175,0,0,1761,74.67
455,65.81096649169922,-0.36251758087201125,100,80,1259,0,0,1585,71.35
456,,-0.3712230215827338,100,80,1539,12,0,1229,59.59
457,,-0.37230081906180196,102,79,1391,4,0,1291,59.09
458,,-0.37634024303073627,100,80,1547,11,0,1240,62.28
459,,-0.3563348416289593,100,83,1430,15,0,1207,64.12
460,57.60527801513672,-0.37323420074349445,101,82,1440,5,0,1245,62.71
461,,-0.35695876288659795,100,77,1051,210,0,1067,61.15
462,,-0.34873323397913564,100,80,1177,160,0,1347,62.24
463,,-0.35532591414944353,100,81,1135,140,0,1241,60.0
464,,-0.35805626598465473,101,74,1025,141,0,1180,58.62
465,110.90653991699219,-0.3593054318788958,100,76,1001,113,0,1132,69.94
466,,-0.375193199381762,100,84,1225,176,0,1187,62.82
467,,-0.3642270861833105,101,80,1559,98,0,1267,62.42
468,,-0.38813438170121517,101,86,1419,96,0,1283,63.79
469,,-0.3721745908028059,100,78,1179,177,0,1210,61.25
470,75.03436279296875,-0.3772628530050688,101,83,1403,106,0,1253,63.86
471,,-0.3595551894563427,100,81,1067,0,0,1361,60.83
472,,-0.34767166535122335,100,71,1052,0,0,1482,67.47
473,,-0.36442006269592475,100,80,1198,0,0,1354,63.15
474,,-0.37601177336276675,100,81,1227,0,0,1491,61.7
475,75.59114837646484,-0.3640422077922078,100,79,1064,0,0,1400,61.0
476,,-0.3672316384180791,100,84,1116,367,0,995,55.99
477,,-0.3507581803671189,103,84,1123,262,0,1121,56.62
478,,-0.35132957292506045,102,81,1103,199,0,1180,56.93
479,,-0.37025862068965515,100,83,1073,194,0,1053,59.15
480,65.81961822509766,-0.37350246652572233,100,86,1318,276,0,1244,64.38
481,,-0.3583902809415338,102,78,1095,0,0,1539,62.68
482,,-0.3602065131056394,100,75,1135,0,0,1383,63.55
483,,-0.38524590163934425,100,80,1273,0,0,1533,71.41
484,,-0.3532319391634981,101,74,1185,0,0,1445,58.82
485,51.9888801574707,-0.3581196581196581,100,84,1076,0,0,1264,59.27
486,,-0.34286971830985913,100,74,1139,3,0,1130,58.92
487,,-0.3541666666666667,100,84,1184,33,0,1231,57.29
488,,-0.3916008614501077,100,86,1281,127,0,1378,60.05
489,,-0.35242121445042274,100,78,1267,68,0,1267,63.52
490,49.99848556518555,-0.3603435399551904,100,81,1250,87,0,1341,59.86
491,,-0.3529182879377432,101,79,1143,0,0,1427,61.77
492,,-0.35469107551487417,100,74,1166,0,0,1456,61.64
493,,-0.332579185520362,100,71,1030,0,0,1180,58.99
494,,-0.3761835396941005,100,81,1178,0,0,1568,60.07
495,81.12985229492188,-0.3546337817638266,100,81,1110,0,0,1566,65.09
496,,-0.3419293218720153,101,80,1003,485,0,606,52.06
497,,-0.3591897233201581,100,81,918,474,0,632,54.16
498,,-0.3735317149569303,101,88,1262,596,0,696,59.29
499,,-0.36348267117497884,100,76,1050,489,0,827,53.42
500,78.95989227294922,-0.3464052287581699,100,76,972,500,0,670,53.69
501,,-0.3828502415458937,100,78,1078,0,0,1406,58.01
502,,-0.3639589905362776,100,78,1130,0,0,1406,56.23
503,,-0.38156947444204464,100,79,1168,0,0,1610,64.82
504,,-0.37779433681073027,100,87,1169,0,0,1515,66.15
505,60.06464767456055,-0.3648538961038961,100,78,1119,0,0,1345,62.65
506,,-0.3701393983859134,100,71,1212,2,0,1512,61.57
507,,-0.39115411195577054,100,82,1304,0,0,1590,62.74
508,,-0.37955953200275294,102,77,1217,2,0,1687,69.15
509,,-0.37855007473841557,100,82,1156,0,0,1520,67.24
510,45.475181579589844,-0.36717557251908395,100,84,1201,3,0,1416,62.87
511,,-0.35647716682199443,101,75,1001,364,0,781,52.49
512,,-0.34857904085257546,100,77,992,427,0,833,57.78
513,,-0.3483193277310924,101,75,1070,402,0,908,59.64
514,,-0.38982402448355014,100,89,1173,449,0,992,61.42
515,72.2743911743164,-0.3734782608695652,101,76,1004,403,0,893,56.26
516,,-0.36186594202898553,101,79,931,0,0,1277,61.16
517,,-0.36074270557029176,101,78,1014,0,0,1248,55.41
518,,-0.35563973063973064,101,71,1077,0,0,1299,61.97
519,,-0.37478991596638656,101,83,1072,0,0,1308,78.49
520,47.24779510498047,-0.36454849498327757,100,79,1096,0,0,1296,77.12
521,,-0.3835268505079826,102,84,1226,0,0,1530,69.82
522,,-0.34372564302416214,102,78,1096,0,0,1470,65.28
523,,-0.3646253021756648,100,83,1153,0,0,1329,60.27
524,,-0.3870843000773395,100,83,1171,0,0,1415,61.35
525,41.691734313964844,-0.37434944237918216,100,80,1161,0,0,1529,62.14
526,,-0.3775,101,80,1088,446,0,866,63.55
527,,-0.36421319796954316,100,82,1069,420,0,875,62.09
528,,-0.3566243194192377,100,79,969,301,0,934,55.83
529,,-0.34867860187553285,101,69,1112,440,0,794,58.05
530,32.03311538696289,-0.3808997050147493,100,82,1251,356,0,1105,60.33
531,,-0.36417468541820874,100,81,1873,0,0,829,64.9
532,,-0.35842175066313,100,80,1990,0,0,1026,62.87
533,,-0.36273792093704244,100,72,1946,0,0,786,63.12
534,,-0.38847045191193513,100,88,2336,0,0,1116,70.45
535,43.90943908691406,-0.38961038961038963,100,92,2071,0,0,855,65.27
536,,-0.35560344827586204,100,81,1062,511,0,747,61.22
537,,-0.3557121661721068,100,82,1076,605,0,1015,69.94
538,,-0.3583959899749373,100,77,1108,493,0,793,56.25
539,,-0.345049504950495,101,73,1006,307,0,707,54.78
540,41.22016143798828,-0.3644859813084112,102,79,1047,537,0,770,56.9
541,,-0.38507358093903293,100,81,1450,0,0,1404,68.56
542,,-0.3615441722345954,100,77,1319,0,0,1375,60.33
543,,-0.3523608174770965,100,75,1340,0,0,1498,65.88
544,,-0.38746438746438744,100,90,1409,0,0,1399,61.24
545,69.42555236816406,-0.36267006802721086,100,79,1132,0,0,1220,59.89
546,,-0.35513608428446003,101,76,1035,0,0,1243,57.38
547,,-0.3666927286942924,101,83,1165,0,0,1393,61.36
548,,-0.3894302848575712,100,82,1175,0,0,1493,60.76
549,,-0.37987987987987987,100,89,1149,0,0,1515,63.75
550,33.66566467285156,-0.3669064748201439,100,78,1143,0,0,1359,62.31
551,,-0.3775272161741835,101,78,1151,0,0,1421,56.45
552,,-0.37388724035608306,102,78,1213,0,0,1483,62.61
553,,-0.3661916072842439,100,80,1120,0,0,1406,62.32
554,,-0.37037037037037035,103,84,1162,0,0,1538,57.89
555,52.10772705078125,-0.37790262172284644,100,79,1092,0,0,1578,70.42
556,,-0.3536231884057971,100,84,1314,0,0,1446,60.79
557,,-0.3548252911813644,100,72,1182,0,0,1222,57.98
558,,-0.36485451761102605,101,83,1222,0,0,1390,58.54
559,,-0.3831120943952802,100,81,1241,0,0,1471,67.14
560,49.978721618652344,-0.37950747581354444,100,78,1115,0,0,1159,60.83
561,,-0.352,103,78,1050,576,0,624,57.59
562,,-0.3527724665391969,100,78,922,512,0,658,57.49
563,,-0.37467134092900967,102,89,1036,567,0,679,62.62
564,,-0.35450346420323325,100,81,1149,646,0,803,57.85
565,53.5194091796875,-0.35681399631675875,100,77,1002,545,0,625,58.27
566,,-0.35454545454545455,101,78,1845,0,0,905,58.92
567,,-0.3640256959314775,101,91,1765,0,0,1037,66.46
568,,-0.365211810012837,100,85,2090,0,0,1026,62.55
569,,-0.3562158469945355,100,79,1966,0,0,962,66.8
570,52.89152908325195,-0.3661616161616162,100,82,2157,0,0,1011,65.75
571,,-0.3688332028191073,100,75,1221,0,0,1333,63.43
572,,-0.382375189107413,100,82,1201,0,0,1443,63.47
573,,-0.37250554323725055,100,80,1251,0,0,1455,58.95
574,,-0.35661462612982747,100,77,1062,0,0,1372,67.5
575,54.140594482421875,-0.36377829820452773,100,80,1129,0,0,1433,60.55
576,,-0.3812199036918138,100,84,1401,78,0,1013,63.08
577,,-0.3561698717948718,100,85,1470,68,0,958,59.93
578,,-0.3825278810408922,101,78,1640,54,0,996,56.31
579,,-0.3754180602006689,101,77,1332,74,0,986,61.73
580,41.319374084472656,-0.3567880794701987,101,84,1444,75,0,897,59.98
581,,-0.3611111111111111,100,80,1799,0,0,973,60.65
582,,-0.36536868268434136,101,78,1568,0,0,846,64.58
583,,-0.3895224518888097,101,83,1957,0,0,849,68.83
584,,-0.36459968602825743,100,82,1686,0,0,862,66.52
585,34.074378967285156,-0.3786764705882353,101,81,1597,0,0,851,78.78
586,,-0.3796452702702703,100,76,1171,421,0,776,60.06
587,,-0.3541666666666667,100,79,1182,403,0,815,57.13
588,,-0.3835139318885449,102,85,1138,444,0,1002,61.39
589,,-0.3233670653173873,100,69,1095,358,0,721,54.96
590,27.848726272583008,-0.3671268334771355,100,76,1116,390,0,812,57.1
591,,-0.3769027134348114,102,85,2098,0,0,924,67.07
592,,-0.3790106951871658,100,82,2045,0,0,947,65.18
593,,-0.3851203501094092,100,88,1856,0,0,886,58.34
594,,-0.37234794908062235,101,79,1908,0,0,920,59.24
595,24.428972244262695,-0.37868852459016394,100,90,2010,0,0,1040,63.96
596,,-0.3691967575534267,101,87,1146,0,0,1568,60.77
597,,-0.39018531228551817,100,87,1246,0,0,1668,66.65
598,,-0.38074398249452956,100,82,1246,0,0,1496,62.94
599,,-0.3514056224899598,101,76,1089,0,0,1401,64.03
600,33.149330139160156,-0.37278582930756843,100,82,1087,0,0,1397,56.55
601,,-0.36133694670280037,100,77,979,74,0,1161,61.81
602,,-0.3574468085106383,101,75,1053,80,0,1217,63.5
603,,-0.3482849604221636,101,77,1005,97,0,1172,64.69
604,,-0.35725075528700906,101,82,1167,116,0,1365,57.82
605,23.002120971679688,-0.3719148936170213,100,78,1043,61,0,1246,59.0
606,,-0.3844106463878327,100,83,1129,35,0,1466,62.26
607,,-0.3866920152091255,100,83,1124,74,0,1432,62.28
608,,-0.36538461538461536,100,87,1191,65,0,1344,62.37
609,,-0.36149691358024694,100,79,1098,32,0,1462,59.43
610,37.826019287109375,-0.35378086419753085,102,84,1143,20,0,1429,57.01
611,,-0.37325102880658434,100,81,1303,0,0,1127,69.23
612,,-0.38593974175035867,100,86,1562,0,0,1226,66.96
613,,-0.3821052631578947,101,85,1543,0,0,1307,67.81
614,,-0.36133768352365414,100,90,1361,0,0,1091,56.87
615,52.703277587890625,-0.3621179815209666,100,75,1499,0,0,1315,69.49
616,,-0.3511259382819016,101,79,1226,122,0,1050,61.78
617,,-0.3428949691085613,100,78,1107,211,0,948,56.29
618,,-0.36764705882352944,101,83,966,181,0,825,54.24
619,,-0.3659839715048976,100,76,983,108,0,1155,58.66
620,27.503997802734375,-0.3651266766020864,100,82,1260,181,0,1243,63.94
621,,-0.3746189024390244,100,78,1191,0,0,1433,62.66
622,,-0.35489766081871343,101,83,1211,0,0,1525,62.05
623,,-0.3597946287519747,101,76,1096,0,0,1436,64.03
624,,-0.3687196110210697,100,74,1129,0,0,1339,60.15
625,40.948001861572266,-0.34040940106141016,100,77,1184,0,0,1454,66.98
626,,-0.3786509040333797,100,81,1265,0,0,1611,62.74
627,,-0.38620923913043476,100,85,1323,0,0,1621,61.87
628,,-0.3547140649149923,101,76,1128,0,0,1460,64.83
629,,-0.35714285714285715,100,84,1091,0,0,1499,63.36
630,67.7591552734375,-0.38587731811697573,100,84,1272,0,0,1532,59.3
631,,-0.3523489932885906,100,72,946,0,0,1140,57.73
632,,-0.3758782201405152,100,84,1141,0,0,1421,57.57
633,,-0.37180373185901866,100,85,1290,0,0,1604,65.67
634,,-0.3758890469416785,101,80,1236,0,0,1576,60.53
635,55.71971130371094,-0.3743190661478599,100,75,1127,0,0,1443,57.13
636,,-0.34542157751586583,100,82,1053,309,0,844,60.61
637,,-0.3710788064269319,101,84,1241,263,0,1110,63.0
638,,-0.36025544703230655,100,76,1302,293,0,1067,62.76
639,,-0.38697318007662834,100,80,1262,249,0,1099,62.59
640,42.619606018066406,-0.3896447467876039,100,89,1225,312,0,1109,64.03
641,,-0.36837815810920943,100,71,1118,0,0,1336,65.94
642,,-0.35808709175738723,100,74,1073,0,0,1499,69.47
643,,-0.3610248447204969,100,74,1133,0,0,1443,64.28
644,,-0.36973314606741575,100,76,1236,0,0,1612,63.97
645,39.00185012817383,-0.3591660110149489,100,76,1081,0,0,1461,58.91
646,,-0.3617693522906793,100,80,1086,157,0,1289,68.0
647,,-0.34519725557461406,100,77,979,91,0,1262,60.91
648,,-0.35555555555555557,100,77,1055,65,0,1130,60.98
649,,-0.3599013968775678,100,79,1084,106,0,1244,63.25
650,33.5284423828125,-0.3640856672158155,103,78,1112,87,0,1229,70.95
651,,-0.3582474226804124,100,72,1206,0,0,1510,62.71
652,,-0.3859134262655906,100,74,1240,0,0,1486,63.85
653,,-0.3653044203502919,100,82,974,0,0,1424,59.77
654,,-0.3654119318181818,101,75,1253,0,0,1563,62.72
655,30.725322723388672,-0.365,100,77,1047,0,0,1353,79.01
656,,-0.36140089418777943,100,76,1140,0,0,1544,63.68
657,,-0.36885245901639346,100,76,1124,0,0,1194,58.62
658,,-0.3348303393213573,100,73,921,0,0,1083,63.34
659,,-0.3744292237442922,100,80,1176,0,0,1452,59.62
660,49.34004592895508,-0.37818306951135583,100,87,1305,0,0,1601,69.09
661,,-0.3602533650039588,100,82,1216,235,0,1075,55.37
662,,-0.3640183346065699,100,77,1130,248,0,1240,61.11
663,,-0.3577586206896552,100,77,1018,257,0,1045,60.57
664,,-0.37202380952380953,101,78,1056,236,0,1060,57.4
665,52.34667205810547,-0.331306990881459,100,69,943,185,0,846,51.89
666,,-0.364453125,101,82,1727,133,0,700,59.35
667,,-0.3730769230769231,100,85,1744,157,0,699,57.42
668,,-0.37556221889055474,100,88,1861,84,0,723,61.52
669,,-0.3516572352465643,101,84,1645,164,0,665,58.54
670,47.28926086425781,-0.3830104321907601,100,80,1811,122,0,751,60.38
671,,-0.3695158850226929,100,78,1201,0,0,1443,59.52
672,,-0.3736303871439007,100,78,1247,0,0,1491,68.34
673,,-0.35625485625485626,101,81,1076,0,0,1498,65.94
674,,-0.36438582028029676,100,77,1080,0,0,1346,61.37
675,46.003971099853516,-0.3534902597402597,100,77,1143,0,0,1321,66.81
676,,-0.36847905951506243,100,81,1563,0,0,1159,61.41
677,,-0.35964912280701755,101,78,1598,0,0,1138,68.83
678,,-0.3769614835948645,100,83,1740,0,0,1064,62.3
679,,-0.38198529411764703,101,81,1523,0,0,1197,61.58
680,21.71172523498535,-0.3679085520745131,103,78,1427,0,0,935,54.68
681,,-0.3690372940156115,102,79,1034,0,0,1272,60.74
682,,-0.3675675675675676,101,76,1290,0,0,1670,61.32
683,,-0.37598736176935227,100,72,1117,0,0,1415,64.79
684,,-0.3567151411462789,101,73,1070,0,0,1268,56.4
685,27.006166458129883,-0.36623282718727407,100,78,1186,0,0,1580,67.99
686,,-0.3285586392121755,100,75,1148,527,0,559,58.31
687,,-0.354468085106383,100,78,1270,463,0,617,61.3
688,,-0.36495031616982837,100,81,1220,453,0,541,60.4
689,,-0.374521805661821,100,79,1448,469,0,697,62.46
690,45.50809097290039,-0.3522821576763486,102,81,1317,477,0,616,62.83
691,,-0.3569721115537849,101,81,1144,0,0,1366,64.78
692,,-0.3749098774333093,103,81,1172,0,0,1602,66.43
693,,-0.38341158059467917,102,86,1252,0,0,1304,58.42
694,,-0.3701149425287356,100,74,1133,0,0,1477,59.54
695,40.850399017333984,-0.36464088397790057,100,87,1167,0,0,1367,62.45
696,,-0.3704156479217604,101,82,1088,418,0,948,60.56
697,,-0.35783879539415414,100,75,1050,375,0,833,58.26
698,,-0.3469750889679715,100,76,1056,390,0,802,55.34
699,,-0.3475609756097561,100,78,1050,374,0,872,54.95
700,26.305511474609375,-0.34518647007805725,100,77,1085,234,0,987,61.36
701,,-0.35696517412935325,102,72,1428,88,0,896,66.43
702,,-0.35887772194304857,100,79,1438,133,0,817,61.59
703,,-0.35219399538106233,100,78,1349,124,0,1125,62.24
704,,-0.3787465940054496,100,84,1633,138,0,1165,68.34
705,23.965503692626953,-0.3819060773480663,101,80,1544,121,0,1231,73.38
706,,-0.3498556304138595,100,67,1009,391,0,678,52.01
707,,-0.33574468085106385,100,71,1019,314,0,1017,64.44
708,,-0.35411020776874436,100,75,1004,299,0,911,56.91
709,,-0.382078853046595,100,77,1205,395,0,1190,65.72
710,18.706085205078125,-0.35506607929515416,100,71,954,357,0,959,56.84
711,,-0.3562300319488818,100,82,1151,0,0,1353,59.51
712,,-0.36946011281224816,100,78,1054,0,0,1428,59.17
713,,-0.38523956723338487,100,78,1175,0,0,1413,58.5
714,,-0.38316679477325133,101,79,1191,0,0,1411,58.28
715,16.962432861328125,-0.375,100,85,1279,0,0,1577,65.69
716,,-0.3780959752321981,102,85,1259,0,0,1325,57.83
717,,-0.3764345830145371,103,92,1357,0,0,1257,59.28
718,,-0.3776978417266187,100,84,1431,0,0,1349,61.81
719,,-0.37725631768953066,100,79,1316,0,0,1454,68.61
720,15.640676498413086,-0.36300174520069806,100,72,1047,0,0,1245,62.5
721,,-0.34987057808455563,100,85,1149,344,0,825,62.29
722,,-0.34041666666666665,100,75,1386,359,0,655,54.38
723,,-0.37306753458096015,100,73,1252,317,0,889,58.17
724,,-0.3384387351778656,100,72,1110,321,0,593,52.28
725,35.675350189208984,-0.36658556366585565,100,83,1228,374,0,864,56.03
726,,-0.3784119106699752,101,76,1393,0,0,1025,60.66
727,,-0.3577943615257048,100,76,1396,0,0,1016,58.31
728,,-0.3548519736842105,100,79,1526,0,0,906,64.08
729,,-0.3706827309236948,102,77,1478,0,0,1012,58.55
730,38.129905700683594,-0.37318840579710144,101,79,1415,0,0,1069,60.68
731,,-0.35832675611681136,101,76,1102,334,0,1098,59.25
732,,-0.3662974683544304,101,72,1114,269,0,1145,57.87
733,,-0.3745704467353952,101,79,1036,188,0,1104,57.88
734,,-0.3431689571544058,101,70,1033,374,0,1067,62.31
735,32.79283142089844,-0.36983993260320136,101,84,1047,274,0,1053,60.36
736,,-0.3613906678865508,101,78,1398,0,0,788,50.5
737,,-0.37664233576642336,102,84,1435,0,0,1305,62.53
738,,-0.33816225165562913,100,78,1237,0,0,1179,59.41
739,,-0.37319422150882825,100,83,1327,0,0,1165,54.35
740,28.35139274597168,-0.35576114381833474,100,82,1421,0,0,957,60.36
741,,-0.3514522821576763,100,72,1107,246,0,1057,60.38
742,,-0.3455056179775281,100,76,944,280,0,912,56.05
743,,-0.36106194690265486,101,78,1081,279,0,900,58.93
744,,-0.36893203883495146,100,82,1132,295,0,1045,57.09
745,35.84634780883789,-0.3536476868327402,100,79,1069,226,0,953,53.63
746,,-0.38586291309669524,100,86,1947,291,0,1030,69.48
747,,-0.37873612297181897,100,84,1353,325,0,664,58.12
748,,-0.3407960199004975,101,74,1459,242,0,711,64.33
749,,-0.39123957091775924,100,84,2133,169,0,1054,70.24
750,34.53240203857422,-0.34776119402985073,100,76,1663,197,0,820,63.71
751,,-0.36387208297320656,100,81,1075,559,0,680,61.49
752,,-0.3446398659966499,100,78,1109,578,0,701,56.68
753,,-0.34958333333333336,100,76,1088,590,0,722,59.51
754,,-0.33795411089866156,101,77,953,509,0,630,52.87
755,36.13470458984375,-0.35133967156439067,100,81,1050,567,0,697,60.73
756,,-0.38177874186550975,100,83,1260,0,0,1506,56.92
757,,-0.3669950738916256,100,82,1287,8,0,1547,58.79
758,,-0.3928320449754041,100,84,1338,5,0,1503,67.12
759,,-0.3577044025157233,100,75,1184,0,0,1360,56.17
760,26.02813148498535,-0.38664097623635196,102,86,1440,12,0,1662,65.98
761,,-0.33773928896991795,100,71,1033,81,0,1080,59.13
762,,-0.3677474402730375,100,75,1269,86,0,989,56.23
763,,-0.3713063763608087,101,79,1404,41,0,1127,60.7
764,,-0.3598856209150327,100,73,1153,70,0,1225,60.81
765,22.70181655883789,-0.39157119476268415,101,92,1366,38,0,1040,56.59
766,,-0.3675246025738077,101,76,1186,111,0,1345,59.93
767,,-0.37167070217917675,101,76,1122,116,0,1240,61.09
768,,-0.34579439252336447,100,75,1055,194,0,1105,56.63
769,,-0.3728448275862069,101,76,1091,84,0,1145,62.13
770,18.131254196166992,-0.3507259528130672,101,81,1067,23,0,1114,62.35
771,,-0.3586261980830671,101,79,1138,2,0,1364,55.72
772,,-0.36477732793522266,100,70,1088,5,0,1377,60.36
773,,-0.37301013024602026,101,77,1267,7,0,1490,60.32
774,,-0.3595976529756915,102,85,1034,6,0,1346,56.4
775,21.084787368774414,-0.3674435542607429,101,79,1230,7,0,1509,62.5
776,,-0.3723159509202454,101,84,1389,0,0,1219,63.56
777,,-0.3659717051377513,101,79,1462,0,0,1224,62.26
778,,-0.367737003058104,101,81,1516,0,0,1100,59.77
779,,-0.35933806146572106,101,83,1475,0,0,1063,61.66
780,30.574338912963867,-0.37058823529411766,100,85,1342,0,0,1208,67.82
781,,-0.3640639698965193,100,82,1320,266,0,540,54.23
782,,-0.34111384111384113,100,82,1468,332,0,642,58.49
783,,-0.36980033277870217,100,81,1378,340,0,686,56.88
784,,-0.3447528187337381,100,78,1290,339,0,677,58.15
785,19.15073585510254,-0.35252100840336137,100,79,1306,366,0,708,55.56
786,,-0.3845905867182463,100,80,1416,41,0,1645,67.9
787,,-0.37000783085356304,100,78,1260,30,0,1264,60.95
788,,-0.3627684964200477,100,78,1235,22,0,1257,63.72
789,,-0.35831469052945564,100,74,1282,19,0,1381,68.0
790,16.383346557617188,-0.33115752828546563,101,75,1081,32,0,1185,62.03
791,,-0.35653188180404355,101,74,1149,0,0,1423,63.3
792,,-0.3680282796543598,100,81,1154,0,0,1392,59.15
793,,-0.34632819582955576,101,75,1042,0,0,1164,54.49
794,,-0.3661753297129558,101,84,1218,0,0,1360,60.09
795,23.441434860229492,-0.3662704309063893,100,78,1168,0,0,1524,67.17
796,,-0.3653998416468725,100,76,1197,0,0,1329,64.33
797,,-0.3654411764705882,101,76,1295,0,0,1425,60.54
798,,-0.37813211845102507,100,85,1388,0,0,1246,61.57
799,,-0.374235807860262,100,80,1195,0,0,1095,53.14
800,32.60173797607422,-0.372533543804262,101,79,1351,0,0,1183,61.08
801,,-0.3647672552166934,100,78,1239,379,0,874,58.88
802,,-0.36969192339716905,101,84,1129,372,0,901,55.61
803,,-0.3643507030603805,100,77,1234,398,0,786,58.64
804,,-0.35555555555555557,101,74,1124,305,0,731,50.22
805,23.142345428466797,-0.37488626023657873,101,83,1129,367,0,702,52.49
806,,-0.36455981941309257,101,82,1592,0,0,1066,55.4
807,,-0.34641509433962264,103,85,1579,0,0,1071,60.9
808,,-0.3624581939799331,102,84,1437,0,0,955,53.69
809,,-0.36181678214010776,100,82,1656,0,0,942,54.02
810,21.885578155517578,-0.3707298136645963,101,78,1585,0,0,991,59.99
811,,-0.39161755075311067,100,83,1516,21,0,1517,63.91
812,,-0.3600317208564631,100,76,1281,42,0,1199,62.2
813,,-0.36927877947295423,100,81,1338,18,0,1528,60.26
814,,-0.36792452830188677,100,75,1157,53,0,1122,54.83
815,21.486522674560547,-0.361794500723589,102,77,1362,25,0,1377,60.52
816,,-0.36332574031890663,101,73,1318,29,0,1287,58.92
817,,-0.3727833461835004,100,78,1312,3,0,1279,58.69
818,,-0.34534671532846717,100,77,1191,0,0,1001,58.67
819,,-0.3657745336577453,100,79,1244,6,0,1216,62.87
820,16.34549331665039,-0.35226429101707496,100,78,1334,12,0,1348,57.99
821,,-0.3694560669456067,100,83,1085,0,0,1305,62.68
822,,-0.3769503546099291,100,80,1205,0,0,1615,63.6
823,,-0.37261632341723877,100,77,1132,7,0,1483,62.91
824,,-0.36683417085427134,100,75,1282,3,0,1501,61.21
825,18.2352237701416,-0.38679914833215046,101,82,1238,0,0,1580,59.25
826,,-0.3745128604832424,100,81,1204,39,0,1323,59.72
827,,-0.37441130298273156,100,72,1184,17,0,1347,60.15
828,,-0.3715701219512195,100,75,1255,47,0,1322,59.65
829,,-0.3617208077260755,100,80,1056,29,0,1193,55.17
830,27.851688385009766,-0.35336322869955156,100,74,1030,32,0,1168,63.71
831,,-0.3616279069767442,100,85,1192,0,0,1388,55.46
832,,-0.3711755233494364,100,77,1156,0,0,1328,61.62
833,,-0.3655913978494624,100,77,1042,0,0,1376,57.5
834,,-0.357606344628695,100,76,1177,0,0,1597,61.1
835,50.25111389160156,-0.3640495867768595,100,80,1075,0,0,1345,68.78
836,,-0.3684387617765814,100,74,1912,142,0,918,64.15
837,,-0.3747178329571106,100,84,1764,130,0,764,63.09
838,,-0.38197146562905315,100,82,2100,114,0,870,63.67
839,,-0.37532637075718017,100,86,2003,152,0,909,68.7
840,57.24309158325195,-0.3887545344619105,100,79,2130,145,0,1033,74.04
841,,-0.37056603773584906,100,82,1153,0,0,1497,66.83
842,,-0.3630769230769231,100,82,1153,0,0,1447,63.82
843,,-0.37651245551601425,100,79,1256,0,0,1554,63.06
844,,-0.37679425837320574,100,83,1104,0,0,1404,62.75
845,45.80934143066406,-0.36363636363636365,100,75,1042,0,0,1356,59.2
846,,-0.3658113730929265,100,86,1576,41,0,1267,67.02
847,,-0.3629943502824859,100,81,1492,26,0,1314,67.46
848,,-0.3638132295719844,100,82,1405,9,0,1156,61.48
849,,-0.3408624229979466,101,75,1588,41,0,1293,66.39
850,15.170763969421387,-0.3671749598715891,100,80,1359,4,0,1129,59.86
851,,-0.36973590292648106,100,78,1250,0,0,1552,67.9
852,,-0.34402852049910876,100,74,1072,0,0,1172,58.33
853,,-0.38095238095238093,100,79,1279,0,0,1367,61.24
854,,-0.36314475873544094,100,73,1083,0,0,1321,68.38
855,13.668973922729492,-0.3706140350877193,100,81,1200,0,0,1536,69.25
856,,-0.37400635930047693,100,82,1141,12,0,1363,63.5
857,,-0.35923515052888527,100,78,1153,76,0,1229,65.13
858,,-0.34193840579710144,100,71,1061,45,0,1102,58.25
859,,-0.3488562091503268,101,73,1134,40,0,1274,64.94
860,17.421070098876953,-0.3475085910652921,101,78,1108,58,0,1162,64.71
861,,-0.3652138821630347,101,75,1081,0,0,1397,58.59
862,,-0.36538461538461536,100,79,1122,0,0,1478,64.26
863,,-0.3802083333333333,100,88,1238,0,0,1642,66.35
864,,-0.36637239165329055,101,83,1080,0,0,1412,61.55
865,19.248388290405273,-0.3715629522431259,101,87,1158,0,0,1606,69.6
866,,-0.3645743766122098,101,83,1199,188,0,939,58.08
867,,-0.37361008154188285,103,85,1258,311,0,1129,60.8
868,,-0.3472972972972973,100,79,1054,273,0,893,54.13
869,,-0.3633791430881164,101,86,1147,260,0,1067,57.93
870,17.12334442138672,-0.3509463722397476,101,78,1209,377,0,950,58.63
871,,-0.3847884788478848,101,76,1355,0,0,867,57.92
872,,-0.37059415911379656,100,78,1337,0,0,649,51.01
873,,-0.36065573770491804,100,76,1490,0,0,828,54.54
874,,-0.37067545304777594,100,76,1468,0,0,960,58.52
875,29.642126083374023,-0.3537051184110008,100,77,1422,0,0,1196,64.5
876,,-0.3771665410700829,102,83,1171,0,0,1483,68.19
877,,-0.3428351309707242,100,75,1179,0,0,1417,62.96
878,,-0.3684941013185288,100,79,1215,0,0,1667,65.55
879,,-0.36022727272727273,100,80,1109,0,0,1531,66.95
880,51.776710510253906,-0.3698727015558699,100,77,1191,0,0,1637,69.9
881,,-0.36345541401273884,100,81,1403,391,0,718,61.85
882,,-0.34782608695652173,102,81,1368,334,0,552,60.55
883,,-0.3409257898603968,101,80,1597,406,0,719,65.85
884,,-0.3841059602649007,100,77,1466,380,0,872,65.73
885,43.857627868652344,-0.3468085106382979,102,77,1327,331,0,692,57.7
886,,-0.37285223367697595,100,84,1322,0,0,1588,71.02
887,,-0.384185303514377,100,81,1171,0,0,1333,64.03
888,,-0.3598750975800156,102,80,1181,1,0,1380,60.84
889,,-0.35413153456998314,100,74,1077,0,0,1295,60.2
890,21.25522232055664,-0.3445414847161572,100,74,1057,0,0,1233,56.9
891,,-0.38774811772758383,100,80,1280,0,0,1642,68.71
892,,-0.3351328903654485,100,79,1042,0,0,1366,65.82
893,,-0.3528441879637263,100,73,1146,0,0,1280,58.72
894,,-0.37170263788968827,100,76,1032,0,0,1470,67.17
895,23.044761657714844,-0.351018675721562,100,71,1039,2,0,1315,64.12
896,,-0.3584905660377358,100,75,1167,306,0,753,61.66
897,,-0.357773851590106,100,79,1121,296,0,847,61.48
898,,-0.35472370766488415,100,81,1085,255,0,904,60.16
899,,-0.36606334841628957,100,76,1170,327,0,713,59.96
900,23.93102264404297,-0.372161480235492,101,86,1202,341,0,835,52.11
901,,-0.35719968178202066,100,73,1228,0,0,1286,59.63
902,,-0.36602098466505245,100,76,1177,0,0,1301,64.04
903,,-0.3691077441077441,100,86,1193,0,0,1183,60.88
904,,-0.3721864951768489,101,75,1376,0,0,1112,58.11
905,13.428483009338379,-0.3694560669456067,101,80,1209,5,0,1176,59.62
906,,-0.35444531864673484,100,73,1359,0,0,1183,60.09
907,,-0.34631668077900085,101,73,1197,0,0,1165,60.4
908,,-0.3792198049512378,102,79,1326,0,0,1340,64.41
909,,-0.3561430793157076,100,76,1279,0,0,1293,61.99
910,15.983400344848633,-0.3745427944403804,101,83,1364,0,0,1370,65.09
911,,-0.35333863275039745,100,78,1602,302,0,612,62.55
912,,-0.36330935251798563,100,82,1812,323,0,645,65.73
913,,-0.3312043795620438,100,72,1472,241,0,479,55.32
914,,-0.35873749037721325,101,81,1751,288,0,559,57.29
915,22.139795303344727,-0.35572139303482586,100,80,1507,312,0,593,58.92
916,,-0.366852146263911,100,84,1078,35,0,1403,62.02
917,,-0.3797872340425532,100,80,1187,69,0,1564,65.79
918,,-0.3823981552651806,100,78,1106,29,0,1467,62.31
919,,-0.3713780918727915,104,79,1182,106,0,1542,70.46
920,13.24034595489502,-0.36004601226993865,100,79,1191,71,0,1346,63.75
921,,-0.368936170212766,100,78,1466,0,0,884,58.95
922,,-0.38692196531791906,102,81,1666,0,0,1102,60.73
923,,-0.3637071651090343,100,81,1626,0,0,942,65.28
924,,-0.38107142857142856,100,85,1730,0,0,1070,59.72
925,23.01622772216797,-0.3622486969471333,101,82,1720,0,0,966,67.49
926,,-0.36845878136200716,100,84,1159,113,0,1518,68.11
927,,-0.36490683229813664,101,85,1098,89,0,1389,68.12
928,,-0.38470776621297037,101,82,1075,96,0,1327,60.26
929,,-0.37209302325581395,100,79,1108,150,0,1322,62.13
930,27.55084228515625,-0.3546128500823723,100,74,1126,125,0,1177,60.44
931,,-0.35440456769983686,100,76,1122,4,0,1326,58.53
932,,-0.3557692307692308,100,74,1108,3,0,1281,59.82
933,,-0.3811780636425186,102,81,1256,0,0,1698,64.4
934,,-0.36544227886056974,100,84,1195,0,0,1473,65.16
935,34.674739837646484,-0.35812356979405036,100,83,1214,0,0,1408,62.45
936,,-0.38049713193116635,100,81,1964,0,0,1174,69.55
937,,-0.39671052631578946,100,79,1883,0,0,1157,64.78
938,,-0.3914675767918089,101,90,1954,0,0,976,64.21
939,,-0.3826053042121685,100,85,1687,0,0,877,61.8
940,28.82717514038086,-0.39767441860465114,101,85,1934,0,0,1076,61.28
941,,-0.37694588584136396,101,89,1211,206,0,1281,64.58
942,,-0.3591874422899354,101,79,940,162,0,1064,60.81
943,,-0.33239700374531833,100,64,950,137,0,1049,58.96
944,,-0.3491179201485608,102,75,984,165,0,1005,52.28
945,19.888364791870117,-0.35747021081576535,100,79,957,261,0,964,58.73
946,,-0.3664772727272727,103,80,1428,0,0,1036,58.74
947,,-0.374235807860262,102,78,1232,0,0,1058,54.82
948,,-0.3531746031746032,100,79,1350,3,0,1167,61.79
949,,-0.3614649681528662,101,82,1349,0,0,1163,61.59
950,26.028533935546875,-0.3881679389312977,101,82,1462,0,0,1158,64.52
951,,-0.35687203791469196,100,73,1007,231,0,872,51.42
952,,-0.3780487804878049,101,83,1062,187,0,965,57.38
953,,-0.3343949044585987,101,73,995,317,0,886,57.6
954,,-0.3576134699853587,100,80,1338,414,0,980,63.36
955,16.874637603759766,-0.3867924528301887,100,96,1167,190,0,1081,61.26
956,,-0.365046102263202,100,75,1098,0,0,1288,58.05
957,,-0.36115992970123023,100,76,999,0,0,1277,62.06
958,,-0.36343772760378734,102,78,1260,0,0,1486,60.04
959,,-0.36616702355460384,100,83,1232,4,0,1566,68.49
960,22.210281372070312,-0.3690736688548505,101,82,1163,2,0,1577,67.5
961,,-0.3719467061435973,100,85,1173,129,0,1400,69.48
962,,-0.3622674933569531,100,79,1054,178,0,1026,53.16
963,,-0.3648960739030023,100,80,1166,188,0,1244,61.27
964,,-0.3426544240400668,101,73,1152,192,0,1052,53.58
965,12.83995246887207,-0.37735849056603776,100,91,1206,301,0,1037,60.19
966,,-0.3693143245078072,100,85,1245,0,0,1701,65.37
967,,-0.3730454206999255,100,82,1192,0,0,1494,65.8
968,,-0.3575187969924812,100,75,1120,1,0,1539,65.8
969,,-0.351921274601687,100,75,928,1,0,1205,57.61
970,16.361865997314453,-0.36452830188679247,100,77,1184,1,0,1465,63.11
971,,-0.37221823402727927,100,78,1231,0,0,1555,62.98
972,,-0.3745051464766429,100,80,1200,0,0,1326,64.09
973,,-0.3674924924924925,101,79,1253,0,0,1411,65.45
974,,-0.3706081081081081,100,83,1351,0,0,1609,66.69
975,21.157756805419922,-0.375,100,77,1284,0,0,1500,65.35
976,,-0.3426605504587156,100,75,1038,39,0,1103,64.95
977,,-0.3693392724573126,101,77,1172,90,0,1432,65.0
978,,-0.37168141592920356,100,79,1037,105,0,1344,66.97
979,,-0.36166158536585363,101,79,1197,130,0,1297,67.97
980,22.970727920532227,-0.32926829268292684,100,85,1011,92,0,1439,64.49
981,,-0.3585554600171969,101,79,999,202,0,1125,58.9
982,,-0.3494342906875544,101,76,1074,176,0,1048,58.95
983,,-0.3404163052905464,100,73,1022,171,0,1113,57.26
984,,-0.36079759217456736,100,78,1222,131,0,1305,56.74
985,20.368267059326172,-0.36007604562737644,100,78,1115,179,0,1336,63.47
986,,-0.36250939143501126,100,77,1119,100,0,1443,61.54
987,,-0.36975397973950797,100,79,1109,100,0,1555,68.51
988,,-0.35740402193784276,100,76,966,95,0,1127,56.38
989,,-0.36082474226804123,101,82,1074,102,0,1346,59.58
990,24.05227279663086,-0.34170616113744073,102,84,960,49,0,1101,56.8
991,,-0.35760517799352753,100,72,1143,0,0,1329,57.94
992,,-0.3635646687697161,101,79,1097,0,0,1439,60.07
993,,-0.3693586698337292,100,73,1116,0,0,1410,57.44
994,,-0.358203125,101,77,1085,0,0,1475,68.08
995,44.68593215942383,-0.35982772122161316,100,79,1164,0,0,1390,59.45
996,,-0.3426395939086294,101,72,1234,349,0,387,59.26
997,,-0.36753246753246754,100,73,1329,395,0,586,61.63
998,,-0.351439182915506,100,84,1289,383,0,482,61.37
999,,-0.3566340160284951,100,75,1304,410,0,532,59.91
1000,48.897682189941406,-0.3541322314049587,100,77,1483,398,0,539,61.22
