episode,loss,average reward,conflicts,LoS,action LEFT,action RIGHT,action DIRECT,action LNAV,duration
1,,-0.4047010730710271,100,90,802,470,0,2642,79.69
2,,-0.41285119667013526,100,88,783,735,0,2326,61.48
3,,-0.39550395256917,100,98,825,601,0,2622,68.52
4,0.27361977100372314,-0.37415158371040724,105,87,722,538,0,2276,68.6
5,,-0.40178163544997714,100,92,933,722,0,2723,71.52
6,,-0.37739634418189927,101,89,919,814,0,2753,66.81
7,,-0.37665562913907286,100,86,761,539,0,2324,102.62
8,0.25929686427116394,-0.40865603644646925,100,93,946,693,0,2751,68.52
9,,-0.42560034305317324,100,95,991,449,0,3224,80.52
10,,-0.3873729266987694,100,92,830,429,0,2479,68.23
11,,-0.41595887349128297,102,98,970,484,0,3020,73.72
12,0.265937477350235,-0.37493143170597915,100,86,798,737,0,2111,70.84
13,,-0.4034090909090909,105,94,755,420,0,2521,73.84
14,,-0.40164684354986274,103,94,925,738,0,2709,70.28
15,,-0.3932291666666667,101,90,964,531,0,2729,76.04
16,0.26255205273628235,-0.4256399837464445,100,96,1017,602,0,3303,81.74
17,,-0.40404040404040403,101,96,771,404,0,2389,67.41
18,,-0.4077889447236181,103,90,822,526,0,2632,78.82
19,,-0.3874391862007961,102,97,922,776,0,2824,73.24
20,0.27075517177581787,-0.40208230044620724,100,92,830,601,0,2603,66.63
21,,-0.4074074074074074,101,95,809,683,0,2396,72.05
22,,-0.3973320628870891,100,89,881,482,0,2835,68.15
23,,-0.4061872237846525,101,85,1011,617,0,3350,96.21
24,0.26932287216186523,-0.4053919121318023,101,87,798,559,0,2649,69.69
25,,-0.39694989106753814,100,90,919,723,0,2948,76.12
26,,-0.410262891809909,103,92,800,521,0,2635,67.29
27,,-0.3785112359550562,100,88,904,528,0,2840,74.89
28,0.25369787216186523,-0.42216117216117216,100,85,992,384,0,2992,75.02
29,,-0.38975817923186346,110,96,910,664,0,2644,85.91
30,,-0.4157918758557736,101,98,922,397,0,3063,73.51
31,,-0.3981123981123981,103,96,936,573,0,3153,78.12
32,0.27101558446884155,-0.38278210116731515,100,90,842,662,0,2608,68.57
33,,-0.42400881057268724,101,97,909,586,0,3045,75.28
34,,-0.4181146828844483,100,99,1043,581,0,2980,85.07
35,,-0.40130689499774674,100,89,945,420,0,3073,78.02
36,0.2724478840827942,-0.38699261992619927,104,88,917,679,0,2740,71.95
37,,-0.4123463388562266,101,83,785,419,0,2538,71.6
38,,-0.39221846302561625,100,88,847,551,0,2740,76.37
39,,-0.4329416531604538,102,99,1088,477,0,3371,95.2
40,0.2513541579246521,-0.4118451025056948,100,83,896,660,0,2834,69.43
41,,-0.3917124542124542,100,92,918,841,0,2609,73.52
42,,-0.3802083333333333,100,87,761,711,0,2176,65.84
43,,-0.3914319248826291,104,94,734,684,0,1990,64.86
44,0.249010369181633,-0.4328968903436989,103,87,1030,638,0,3220,80.88
45,,-0.41845180136319376,101,100,825,484,0,2799,82.99
46,,-0.39190453907346745,102,89,929,566,0,2779,73.11
47,,-0.4009784735812133,100,83,1038,807,0,3265,78.51
48,0.2630729079246521,-0.39815557337610263,101,94,994,724,0,3270,77.54
49,,-0.4061866125760649,100,90,819,685,0,2440,75.31
50,,-0.39596655189375307,102,90,898,597,0,2571,77.48
51,,-0.38215746421267893,103,82,780,640,0,2492,73.16
52,0.25799477100372314,-0.3917652859960552,100,89,762,720,0,2574,73.14
53,,-0.40609007164790173,102,87,877,727,0,2304,70.84
54,,-0.40212854757929883,100,90,1075,574,0,3143,78.85
55,,-0.4121160409556314,100,89,946,727,0,3015,95.52
56,0.24705727398395538,-0.41681146828844484,103,96,1000,574,0,3030,75.43
57,,-0.39870689655172414,101,84,923,468,0,2785,80.27
58,,-0.42438037430450176,101,85,882,378,0,2694,69.11
59,,-0.4237358963643962,102,91,961,856,0,2969,77.05
60,0.27908849716186523,-0.4060814124570868,102,95,864,562,0,2652,88.43
61,,-0.39774363898223714,100,89,903,537,0,2726,73.01
62,,-0.3980263157894737,100,83,819,737,0,2396,66.98
63,,-0.4123755949805279,101,91,969,570,0,3083,79.48
64,0.25473955273628235,-0.40435501653803746,100,93,776,497,0,2355,65.32
65,,-0.3863298662704309,101,98,848,464,0,2726,83.84
66,,-0.40893970893970893,101,103,951,642,0,3217,85.14
67,,-0.40225563909774437,100,95,971,545,0,3006,78.29
68,0.2686718702316284,-0.3888888888888889,102,87,740,425,0,2417,67.06
69,,-0.4043001686340641,103,87,1007,615,0,3122,80.16
70,,-0.4128619153674833,100,97,790,478,0,2324,69.81
71,,-0.41566820276497696,102,97,886,762,0,2692,81.39
72,0.26932287216186523,-0.40951908775409024,100,92,825,615,0,2594,65.71
73,,-0.3959402706486234,101,94,913,634,0,2739,77.4
74,,-0.4212875939849624,100,100,896,410,0,2950,75.74
75,,-0.398041185334003,104,91,869,643,0,2470,72.0
76,0.25994789600372314,-0.4023799030409872,100,91,935,647,0,2956,88.51
77,,-0.4062339000515198,102,90,866,466,0,2550,73.1
78,,-0.40408525754884544,100,97,931,814,0,2759,73.32
79,,-0.4236747708250299,101,86,1060,879,0,3079,81.3
80,0.2680208086967468,-0.3790951638065523,102,90,810,643,0,2393,68.54
81,,-0.4181654676258993,100,98,1141,645,0,3774,106.44
82,,-0.39907889467360835,100,90,980,946,0,3068,80.4
83,,-0.412944582299421,100,95,1020,669,0,3147,82.8
84,0.2628124952316284,-0.4196344892221181,100,97,879,581,0,2808,72.98
85,,-0.41892512632062473,100,90,960,466,0,2928,78.01
86,,-0.4065979381443299,106,99,1027,630,0,3193,87.39
87,,-0.41444600280504906,101,95,880,605,0,2793,78.43
88,0.2721874713897705,-0.4262295081967213,100,98,924,583,0,2885,76.23
89,,-0.411541701769166,102,100,982,653,0,3113,81.76
90,,-0.3988467083133109,100,88,843,752,0,2567,70.31
91,,-0.40150048402710553,100,94,928,335,0,2869,87.15
92,0.2628124952316284,-0.40495474035254886,100,93,933,551,0,2714,75.63
93,,-0.4092673459485687,102,95,778,700,0,2644,73.14
94,,-0.3953717380600689,102,94,882,449,0,2731,71.18
95,,-0.4029992406985573,100,92,1073,710,0,3485,88.93
96,0.2745312452316284,-0.41866478608368596,103,96,926,414,0,2914,90.29
97,,-0.3851273148148148,100,82,705,653,0,2098,69.04
98,,-0.4028138528138528,100,95,961,607,0,3052,77.65
99,,-0.3986206896551724,100,99,929,632,0,2789,75.12
100,0.26776039600372314,-0.40894039735099336,101,93,1084,1026,0,3326,82.33
101,,-0.40342003853564545,100,90,865,746,0,2541,86.68
102,,-0.4089422028353326,101,88,717,731,0,2220,74.74
103,,-0.4028268551236749,100,88,842,512,0,2608,73.03
104,0.2646353840827942,-0.40161725067385445,102,97,898,854,0,2700,76.19
105,,-0.40412319920516643,101,89,820,552,0,2654,72.29
106,,-0.39374124241008873,102,97,865,640,0,2777,78.66
107,,-0.4184,100,89,818,459,0,2473,78.15
108,0.2721874713897705,-0.43950466910272024,100,96,1048,624,0,3254,77.68
109,,-0.4078407224958949,101,100,1027,473,0,3372,85.24
110,,-0.40283687943262414,101,89,856,577,0,2797,75.58
111,,-0.3664886515353805,100,83,609,380,0,2007,71.9
112,0.2656770646572113,-0.4103753690425981,100,98,1072,515,0,3155,94.68
113,,-0.38710512687726567,105,95,815,610,0,2437,69.16
114,,-0.4176015473887814,103,103,1111,570,0,3489,83.68
115,,-0.39176090468497576,100,86,753,546,0,2415,69.6
116,0.25903642177581787,-0.3888367729831144,102,89,848,672,0,2744,81.05
117,,-0.3928016571724495,101,90,825,693,0,2344,78.37
118,,-0.40147282884713054,100,88,876,537,0,2525,71.83
119,,-0.41294838145231844,100,92,929,584,0,3059,81.04
120,0.2607291340827942,-0.4101736972704715,100,96,886,368,0,2776,74.33
121,,-0.406463359126081,103,91,938,737,0,2719,81.76
122,,-0.37990455991516436,101,76,841,754,0,2177,72.32
123,,-0.42964269960299956,101,89,1010,401,0,3123,88.12
124,0.2559114396572113,-0.4004028648164727,101,89,946,515,0,3007,78.21
125,,-0.40343627664201825,101,88,968,679,0,2951,79.48
126,,-0.37095790115924343,101,81,722,473,0,2083,66.21
127,,-0.4001937984496124,104,91,870,678,0,2580,83.31
128,0.24106767773628235,-0.39930034982508744,103,96,816,591,0,2595,79.67
129,,-0.4084934277047523,102,86,846,452,0,2658,73.5
130,,-0.3898186889818689,108,90,845,744,0,2713,74.11
131,,-0.38544336237826754,100,85,827,723,0,2352,73.4
132,0.25539058446884155,-0.3856157112526539,100,82,756,700,0,2312,78.51
133,,-0.4195323246217332,108,97,900,480,0,2982,89.46
134,,-0.39181426519865964,103,98,900,598,0,2680,72.9
135,,-0.40550828481862966,103,87,978,558,0,2930,79.87
136,0.2656770646572113,-0.4178441663302382,101,99,1017,602,0,3335,82.11
137,,-0.42899953895804516,101,101,984,398,0,2956,89.84
138,,-0.3913612565445026,101,87,820,476,0,2524,78.25
139,,-0.40494458653026427,100,100,1006,575,0,3111,81.96
140,0.25382810831069946,-0.41738035264483625,100,87,774,551,0,2645,73.59
141,,-0.3945620589456206,100,99,942,834,0,3042,83.29
142,,-0.4018166089965398,100,93,935,592,0,3097,85.03
143,,-0.4131265930331351,100,97,1030,460,0,3218,92.53
144,0.27518224716186523,-0.40031055900621115,101,87,678,328,0,2214,65.49
145,,-0.387216059165346,100,84,751,700,0,2335,70.72
146,,-0.38077461502566495,101,93,911,596,0,2779,77.78
147,,-0.42400332225913623,101,93,1117,684,0,3015,92.23
148,0.27101558446884155,-0.40717703349282297,100,92,872,516,0,2792,83.17
149,,-0.4173277661795407,102,96,1055,402,0,3333,85.65
150,,-0.40058823529411763,103,87,729,573,0,2098,65.64
151,,-0.40278521692554903,100,94,809,396,0,2529,75.09
152,0.28338539600372314,-0.39194554736245035,100,87,726,467,0,2333,77.72
153,,-0.42365145228215767,101,96,990,472,0,3358,97.21
154,,-0.3862885462555066,100,84,772,773,0,2087,68.87
155,,-0.3983333333333333,101,90,819,589,0,2792,79.04
156,0.24588538706302643,-0.41026998411858123,101,91,815,629,0,2334,70.64
157,,-0.42686512311650127,102,102,1187,484,0,3771,102.04
158,,-0.39558472553699287,100,95,702,479,0,2171,73.3
159,,-0.3960443801254221,102,84,882,695,0,2569,73.38
160,0.26906245946884155,-0.3645077720207254,100,85,804,743,0,2313,72.51
161,,-0.40331491712707185,101,93,792,511,0,2317,70.11
162,,-0.39137296159915835,100,88,758,661,0,2383,82.78
163,,-0.42066420664206644,100,99,1113,380,0,3385,94.86
164,0.24523434042930603,-0.38480801335559267,104,87,716,689,0,2189,72.55
165,,-0.4170141784820684,101,92,1063,434,0,3299,85.6
166,,-0.413622690159003,100,91,1026,454,0,3174,84.99
167,,-0.39412897016361886,101,90,884,554,0,2718,82.82
168,0.25643226504325867,-0.388421573478476,101,74,847,775,0,2420,79.02
169,,-0.3806609547123623,100,83,706,717,0,1845,65.73
170,,-0.4092752154080081,102,92,886,563,0,2497,73.49
171,,-0.418701171875,101,85,818,566,0,2712,77.02
172,0.26450517773628235,-0.41384248210023866,103,97,897,547,0,2746,86.51
173,,-0.38939232409381663,100,89,818,625,0,2309,79.36
174,,-0.4158415841584158,103,93,948,503,0,2993,79.53
175,,-0.407731247123792,100,99,1017,473,0,2856,78.43
176,0.2626822590827942,-0.3898809523809524,100,88,842,645,0,2545,72.5
177,,-0.3914417001723148,100,93,727,671,0,2084,81.27
178,,-0.40350877192982454,102,93,889,666,0,2891,83.52
179,,-0.40619389587073607,101,99,949,496,0,3011,84.26
180,0.25109371542930603,-0.3937298294144767,100,97,916,691,0,2731,77.08
181,,-0.4219982471516214,104,99,1078,539,0,2947,82.24
182,,-0.34864864864864864,102,82,750,689,0,1891,73.37
183,,-0.3979539641943734,101,99,829,448,0,2633,75.21
184,0.24731768667697906,-0.3780409731113957,100,85,691,549,0,1884,66.91
185,,-0.40032679738562094,100,86,811,746,0,2727,72.41
186,,-0.39663699307616224,100,91,871,702,0,2471,69.81
187,,-0.39072847682119205,106,95,925,777,0,2828,75.61
188,0.24731768667697906,-0.3801961700140121,102,87,911,583,0,2788,73.12
189,,-0.402073732718894,104,99,887,467,0,2986,92.56
190,,-0.4099722991689751,100,89,890,674,0,2768,77.14
191,,-0.41124661246612465,100,87,979,386,0,3063,83.12
192,0.267890602350235,-0.41767460007803353,100,100,1165,447,0,3514,85.51
193,,-0.4004694835680751,105,90,954,511,0,2795,77.82
194,,-0.40819348469891414,100,86,809,659,0,2584,84.74
195,,-0.39572471324296143,100,80,915,800,0,2121,67.29
196,0.2728385031223297,-0.40037950664136623,100,85,859,750,0,2607,75.43
197,,-0.4019073569482289,101,102,961,460,0,2983,81.72
198,,-0.4222774514234071,101,91,1011,421,0,2994,79.12
199,,-0.4105504587155963,101,92,1013,505,0,2842,92.16
200,0.2607291340827942,-0.41478129713423834,100,89,830,735,0,2413,71.32
201,,-0.4017738359201774,101,90,867,818,0,2825,79.99
202,,-0.42139347923179993,100,97,942,575,0,2961,79.16
203,,-0.39329131022062136,101,83,973,562,0,2907,81.02
204,0.2633333206176758,-0.4150776053215078,100,92,962,612,0,2936,88.83
205,,-0.395621996796583,101,88,777,597,0,2372,69.96
206,,-0.4193960017014037,102,92,1085,438,0,3179,83.38
207,,-0.3963155408597071,104,94,944,487,0,2803,79.99
208,0.25643226504325867,-0.4060167910447761,102,93,878,570,0,2840,76.33
209,,-0.40978593272171254,105,99,815,595,0,2514,85.62
210,,-0.414956590370955,102,97,1080,550,0,3438,84.62
211,,-0.41735336888027147,101,89,826,686,0,2614,72.81
212,0.25083330273628235,-0.4077409931840312,100,98,838,642,0,2628,75.37
213,,-0.4093462717058223,100,92,809,521,0,2586,74.85
214,,-0.40130208333333334,100,87,847,705,0,2288,83.68
215,,-0.41910004786979416,100,96,895,523,0,2760,76.5
216,0.27596351504325867,-0.40313199105145414,102,99,886,669,0,2915,84.05
217,,-0.3980128579777908,101,94,703,424,0,2295,72.16
218,,-0.3963034085453673,101,84,843,700,0,2623,72.98
219,,-0.4115466101694915,101,82,789,540,0,2447,73.53
220,0.25903642177581787,-0.40013679890560877,102,93,895,637,0,2854,83.02
221,,-0.41421143847487,102,85,972,535,0,3109,81.29
222,,-0.37436708860759493,100,77,648,554,0,1958,65.51
223,,-0.4050162563864375,100,80,881,869,0,2556,74.07
224,0.25447914004325867,-0.3940809968847352,100,87,820,546,0,2486,73.76
225,,-0.40426695842450766,101,88,715,645,0,2296,83.55
226,,-0.3876433785192909,101,84,819,851,0,2166,69.17
227,,-0.3823397579560735,100,87,870,864,0,2728,76.72
228,0.2661978602409363,-0.39865537848605576,100,88,779,632,0,2605,74.58
229,,-0.4164851125635439,102,101,1215,676,0,3617,91.88
230,,-0.41030975496994915,101,92,894,646,0,2786,85.89
231,,-0.4095215537659877,101,91,977,535,0,2710,76.22
232,0.2773957848548889,-0.4164614121510673,103,104,1055,507,0,3310,83.9
233,,-0.39775280898876403,101,89,746,632,0,2182,71.57
234,,-0.39148494288681207,100,93,776,595,0,2481,70.53
235,,-0.39446284902981543,102,91,861,558,0,2807,88.72
236,0.25994789600372314,-0.39330143540669854,102,91,854,635,0,2691,73.37
237,,-0.3969682614874467,100,96,935,467,0,2820,80.41
238,,-0.40554465161923453,100,89,811,546,0,2719,75.56
239,,-0.3974558670820353,100,88,813,827,0,2212,72.5
240,0.2582551836967468,-0.4041519434628975,102,98,998,494,0,3036,86.94
241,,-0.40602284527518173,101,90,787,574,0,2491,72.57
242,,-0.4046069103655483,100,88,801,695,0,2498,72.75
243,,-0.4064625850340136,103,95,833,752,0,2531,72.32
244,0.2516145408153534,-0.3845573440643863,101,93,802,465,0,2709,76.88
245,,-0.42713903743315507,103,95,970,512,0,3006,87.76
246,,-0.39086174242424243,103,92,878,713,0,2633,80.87
247,,-0.41408518877057116,100,95,944,431,0,2757,78.66
248,0.2539583146572113,-0.41617021276595745,102,97,985,639,0,3076,82.26
249,,-0.37341463414634146,100,73,797,788,0,2515,71.28
250,,-0.40586189766517633,100,87,812,618,0,2596,78.24
251,,-0.397212543554007,100,91,829,712,0,2477,80.16
252,0.2559114098548889,-0.431443891229414,100,91,1161,451,0,3610,90.7
253,,-0.40340632603406323,101,100,879,539,0,2692,81.58
254,,-0.37039917055469157,100,84,807,653,0,2398,74.09
255,,-0.4106763079540621,101,99,1057,611,0,3034,89.8
256,0.25447914004325867,-0.4127367996775494,100,98,1081,616,0,3265,88.18
257,,-0.3806081754735793,100,92,869,718,0,2425,73.97
258,,-0.41761252446183955,103,98,1107,652,0,3351,88.48
259,,-0.41983206717313076,100,94,1033,708,0,3261,83.37
260,0.2611197829246521,-0.3702127659574468,103,91,827,726,0,2677,83.24
261,,-0.3977035490605428,102,92,822,472,0,2538,77.88
262,,-0.4038543897216274,100,85,918,866,0,2886,79.67
263,,-0.43854415274463004,100,94,1126,459,0,3443,90.55
264,0.2750520408153534,-0.4106840022611645,109,102,754,465,0,2319,70.35
265,,-0.412559965111208,100,91,953,706,0,2927,87.58
266,,-0.3905742145178765,100,96,804,348,0,2540,75.73
267,,-0.3909981628903858,104,89,688,637,0,1941,66.02
268,0.26385414600372314,-0.37800875273522977,100,95,764,722,0,2170,73.72
269,,-0.38619854721549635,101,86,783,578,0,2769,74.27
270,,-0.38511932615816563,102,97,957,546,0,2771,75.69
271,,-0.3831417624521073,100,90,784,753,0,2117,81.49
272,0.25252601504325867,-0.38615618661257606,101,89,801,672,0,2471,69.71
273,,-0.42268984446477587,104,102,979,423,0,2970,82.66
274,,-0.39861970490242743,101,95,886,521,0,2795,75.45
275,,-0.3743078626799557,102,84,782,618,0,2212,71.88
276,0.2585155963897705,-0.3830698287220026,103,85,645,602,0,1789,72.91
277,,-0.41531322505800466,101,88,888,705,0,2717,75.49
278,,-0.4114399293286219,100,91,908,603,0,3017,81.03
279,,-0.418583424607521,100,98,1165,585,0,3728,94.15
280,0.2549999952316284,-0.41593761886648917,101,91,1116,491,0,3651,90.33
281,,-0.4172396856581532,100,84,878,647,0,2547,91.34
282,,-0.42609853528628494,100,92,939,506,0,3061,81.76
283,,-0.39932697700504766,103,87,733,496,0,2337,70.48
284,0.27453121542930603,-0.39887892376681616,109,101,960,898,0,2602,78.13
285,,-0.41306058221872544,102,101,1050,546,0,3488,91.76
286,,-0.3984243106359032,100,82,717,477,0,2360,79.57
287,,-0.4156064461407973,101,93,963,830,0,2923,79.54
288,0.27713537216186523,-0.4164882226980728,100,92,992,448,0,3230,84.95
289,,-0.40343853038153554,100,91,931,648,0,2667,76.92
290,,-0.41226158038147137,101,91,707,697,0,2266,70.1
291,,-0.38810365135453473,100,79,698,504,0,2194,80.08
292,0.25708329677581787,-0.4067357512953368,100,91,945,832,0,2855,75.79
293,,-0.4020926756352765,103,85,855,520,0,2639,78.0
294,,-0.4047085201793722,100,100,1090,633,0,3629,91.74
295,,-0.40304449648711943,100,99,977,591,0,2702,79.62
296,0.2656770348548889,-0.41922900413033504,100,95,976,482,0,2900,95.79
297,,-0.4167032003507234,105,96,995,446,0,3121,82.04
298,,-0.4114741641337386,100,101,1181,604,0,3479,87.11
299,,-0.40787554691298006,101,91,837,507,0,2770,79.3
300,0.25447914004325867,-0.3975876194811106,102,83,914,836,0,2644,72.21
301,,-0.42235576923076923,100,89,901,455,0,2804,86.5
302,,-0.38147208121827414,101,86,857,568,0,2515,73.07
303,,-0.4025974025974026,100,88,757,780,0,2159,69.51
304,0.2621614336967468,-0.3682522715125601,101,87,772,685,0,2285,69.58
305,,-0.4004739336492891,100,93,846,542,0,2410,70.38
306,,-0.4001905669366365,101,97,937,814,0,2447,76.56
307,,-0.39415876185721416,102,87,838,736,0,2432,72.67
308,0.27453121542930603,-0.41605241605241605,101,97,995,674,0,3215,79.03
309,,-0.39071938495332237,101,91,781,636,0,2225,67.14
310,,-0.4015184381778742,103,94,924,656,0,3030,76.91
311,,-0.3866739486619334,104,84,747,435,0,2480,71.5
312,0.250312477350235,-0.4180624717066546,102,97,899,854,0,2665,80.99
313,,-0.4004938271604938,100,92,816,596,0,2638,71.34
314,,-0.40289648622981955,105,96,831,699,0,2682,71.76
315,,-0.3977176669484362,100,96,985,727,0,3020,77.07
316,0.26385414600372314,-0.40239043824701193,102,91,823,589,0,2604,71.58
317,,-0.4037336932073774,100,90,942,692,0,2812,90.6
318,,-0.40829694323144106,101,91,815,572,0,2735,70.91
319,,-0.3816621499548329,100,96,934,725,0,2769,74.19
320,0.27557289600372314,-0.40875613747954176,101,96,1050,461,0,3377,94.72
321,,-0.4109351806036616,102,89,862,519,0,2661,75.33
322,,-0.3920177383592018,102,89,997,956,0,2557,92.07
323,,-0.4187529522909778,101,91,897,643,0,2694,76.06
324,0.2730989158153534,-0.4044916090819348,107,94,794,664,0,2594,76.49
325,,-0.40122470713525027,100,87,787,531,0,2438,72.92
326,,-0.4108292313517607,103,99,1108,683,0,3491,87.9
327,,-0.4038947900859889,100,90,881,452,0,2621,92.19
328,0.2767447829246521,-0.4050338409475465,100,88,1028,640,0,3060,82.16
329,,-0.39818491208167894,104,91,766,522,0,2238,72.05
330,,-0.3875288683602771,101,99,970,702,0,2658,79.57
331,,-0.4252736792003808,102,87,921,619,0,2662,77.74
332,0.26450514793395996,-0.3930769230769231,103,87,807,517,0,2576,85.37
333,,-0.40753796095444683,100,94,772,386,0,2530,72.65
334,,-0.40603363006923837,103,87,841,430,0,2773,79.54
335,,-0.3881578947368421,100,85,741,652,0,2407,72.48
336,0.26424476504325867,-0.3841341341341341,100,84,806,682,0,2508,73.95
337,,-0.39916173570019725,101,97,865,514,0,2677,82.75
338,,-0.396875,100,77,748,629,0,2463,74.39
339,,-0.40858540925266906,102,95,944,601,0,2951,85.77
340,0.25643226504325867,-0.4158834586466165,100,93,949,461,0,2846,80.12
341,,-0.4171974522292994,100,96,1141,405,0,3792,98.88
342,,-0.39853300733496333,104,95,824,602,0,2664,90.46
343,,-0.4074170124481328,101,93,809,533,0,2514,72.67
344,0.25994789600372314,-0.3958691910499139,103,82,1025,982,0,2641,75.84
345,,-0.40272556390977443,100,92,861,492,0,2903,83.28
346,,-0.3893376413570275,101,85,783,423,0,2508,75.71
347,,-0.3995433789954338,101,90,848,441,0,2653,89.8
348,0.25903642177581787,-0.4147783251231527,101,97,881,552,0,2627,75.51
349,,-0.42056950168602475,100,99,1139,595,0,3604,93.6
350,,-0.4083969465648855,101,98,1039,454,0,3223,87.59
351,,-0.4161554192229039,101,102,1023,723,0,3144,88.22
352,0.27361977100372314,-0.39478079331941546,101,86,978,734,0,3078,92.71
353,,-0.404796511627907,101,85,845,655,0,2628,79.25
354,,-0.4117385504668742,101,86,892,849,0,2757,78.82
355,,-0.4008577194752775,100,94,832,564,0,2568,81.06
356,0.26880207657814026,-0.3668922729836435,105,82,773,518,0,2255,73.05
357,,-0.3954653937947494,102,88,894,499,0,2797,90.26
358,,-0.38799076212471134,102,94,705,673,0,2086,69.52
359,,-0.41808278867102394,100,98,968,588,0,3034,83.47
360,0.2542186975479126,-0.4025096525096525,101,88,839,705,0,2600,76.92
361,,-0.41222879684418146,101,95,1144,486,0,3440,96.56
362,,-0.37403216200119116,100,89,699,557,0,2102,79.41
363,,-0.41467576791808874,100,88,869,493,0,2740,77.9
364,0.2633332908153534,-0.41076408254322366,101,92,748,588,0,2250,74.37
365,,-0.40608625554212013,101,91,1046,489,0,3427,92.18
366,,-0.3909412955465587,104,92,783,514,0,2655,77.24
367,,-0.4137781629116118,101,98,954,779,0,2883,90.62
368,0.26190102100372314,-0.38256227758007116,100,92,834,525,0,2575,82.29
369,,-0.42601626016260163,101,107,1115,554,0,3251,89.93
370,,-0.3908831908831909,103,84,700,472,0,2338,69.65
371,,-0.4199522102747909,101,98,1103,469,0,3450,90.11
372,0.2693229019641876,-0.39556962025316456,102,87,837,675,0,2280,71.57
373,,-0.42182763100909487,100,87,966,583,0,3069,77.06
374,,-0.402752842609216,100,89,656,640,0,2046,64.52
375,,-0.4243027888446215,100,79,818,753,0,2445,72.56
376,0.2747916579246521,-0.3935669456066946,100,88,761,610,0,2453,69.39
377,,-0.41217183770883054,103,89,804,690,0,2696,79.32
378,,-0.421972049689441,102,92,1082,680,0,3390,82.31
379,,-0.41883842144452715,101,92,1082,982,0,3308,81.81
380,0.2737499475479126,-0.4014300306435138,100,92,842,485,0,2589,70.97
381,,-0.4059177068885807,101,101,943,362,0,3021,77.91
382,,-0.40335305719921105,100,95,888,563,0,2605,78.09
383,,-0.4048574869530309,104,94,1081,718,0,3183,77.75
384,0.29601559042930603,-0.41321961620469083,100,102,1036,559,0,3095,79.07
385,,-0.38927507447864945,102,85,819,449,0,2760,75.31
386,,-0.40471950133570794,101,91,888,648,0,2956,75.52
387,,-0.3771043771043771,100,81,708,603,0,2253,72.74
388,0.2607291340827942,-0.3892459297343616,100,98,946,834,0,2888,77.69
389,,-0.41848976711362035,100,104,1305,621,0,3742,85.95
390,,-0.4134712411705348,100,85,809,569,0,2586,70.28
391,,-0.41350531107738997,100,86,868,392,0,2694,70.53
392,0.2699739336967468,-0.41651248843663274,102,85,832,596,0,2896,73.88
393,,-0.40609137055837563,100,87,779,591,0,2570,81.23
394,,-0.39472361809045226,101,89,893,468,0,2619,69.43
395,,-0.39559047136340597,100,90,825,828,0,2293,66.74
396,0.25109371542930603,-0.40481986368062317,100,85,806,706,0,2596,71.12
397,,-0.40004374453193353,102,88,1039,807,0,2726,75.54
398,,-0.4044496487119438,100,89,895,555,0,2820,82.99
399,,-0.4216913158892681,101,101,1152,447,0,3675,79.79
400,0.256171852350235,-0.39863074204946997,100,85,898,894,0,2736,74.07
401,,-0.3946459412780656,100,93,759,671,0,2044,65.85
402,,-0.42126168224299065,100,94,896,590,0,2794,71.92
403,,-0.39732770745428975,100,97,886,806,0,2574,74.94
404,0.265937477350235,-0.4036031820308844,101,95,933,551,0,2790,78.46
405,,-0.38923512747875355,101,85,750,515,0,2265,64.64
406,,-0.4026924893717525,103,96,855,678,0,2701,71.14
407,,-0.4009205426356589,101,93,839,525,0,2764,73.7
408,0.2624218463897705,-0.41146089522872603,100,92,793,655,0,2618,70.32
409,,-0.41041162227602906,103,89,986,851,0,3119,88.35
410,,-0.3992824192721681,104,84,799,714,0,2389,64.3
411,,-0.4038830297219559,104,91,920,508,0,2744,73.25
412,0.2654166519641876,-0.40543478260869564,101,89,761,458,0,2461,68.35
413,,-0.3886802575107296,102,85,728,647,0,2353,66.93
414,,-0.39349240780911066,104,96,999,718,0,2893,76.53
415,,-0.3901044256588762,100,92,835,683,0,2504,76.32
416,0.27166664600372314,-0.38082901554404147,101,91,920,479,0,2847,74.09
417,,-0.3809921962095875,100,83,765,527,0,2296,68.2
418,,-0.41876936697653827,100,90,952,549,0,3017,79.16
419,,-0.40652364273204905,100,90,957,933,0,2678,77.47
420,0.29119789600372314,-0.4109184075679937,104,103,1105,718,0,3251,106.02
421,,-0.42698487712665406,100,92,896,514,0,2822,76.8
422,,-0.4009674134419552,102,96,810,511,0,2607,72.74
423,,-0.403030303030303,104,96,950,696,0,2974,79.34
424,0.26932287216186523,-0.40721425467188177,100,90,996,509,0,3097,79.26
425,,-0.40831012070566386,101,94,918,502,0,2888,86.17
426,,-0.3916083916083916,100,93,962,540,0,2788,76.95
427,,-0.4166292134831461,102,93,932,620,0,2898,75.89
428,0.2702343463897705,-0.40455082742316784,102,90,711,498,0,2175,66.81
429,,-0.3761904761904762,100,86,746,785,0,1829,64.6
430,,-0.4212253829321663,100,91,929,515,0,3126,91.82
431,,-0.3987593052109181,102,95,892,475,0,2663,71.16
432,0.27036455273628235,-0.4134755210857974,100,94,904,461,0,2761,75.31
433,,-0.3955532574974147,100,96,814,432,0,2622,73.55
434,,-0.40710241893978383,103,92,795,748,0,2343,70.61
435,,-0.420844327176781,102,96,989,484,0,3075,89.82
436,0.281562477350235,-0.41632088520055327,102,101,873,535,0,2930,76.58
437,,-0.38995433789954337,102,93,917,609,0,2854,76.84
438,,-0.40655283802491926,100,92,924,590,0,2820,74.69
439,,-0.3986842105263158,101,85,922,817,0,2821,77.72
440,0.2576041519641876,-0.38141202426916715,100,86,748,651,0,2227,71.89
441,,-0.3901128425577646,101,83,760,677,0,2285,76.77
442,,-0.3993157380254154,102,89,793,776,0,2523,74.06
443,,-0.40967896502156204,103,92,979,569,0,2626,77.1
444,0.2698436975479126,-0.3860103626943005,102,96,862,741,0,2643,74.12
445,,-0.4117032392894462,100,102,812,403,0,2613,72.1
446,,-0.41087470449172575,101,97,917,604,0,2709,87.82
447,,-0.4113950565563469,100,99,990,880,0,2904,77.04
448,0.2641145586967468,-0.4146122814881219,100,89,973,698,0,2791,77.11
449,,-0.41042944785276075,102,100,1026,712,0,3152,81.6
450,,-0.40935064935064935,100,92,794,692,0,2364,69.77
451,,-0.36944444444444446,101,91,859,656,0,2805,91.69
452,0.27010414004325867,-0.4084967320261438,100,86,857,473,0,2648,70.74
453,,-0.4238517324738114,102,93,1005,688,0,3271,83.02
454,,-0.42111062141912736,103,94,950,687,0,2901,78.97
455,,-0.4215101838052658,102,102,828,511,0,2687,74.26
456,0.28052079677581787,-0.4002932551319648,100,96,812,747,0,2533,83.54
457,,-0.39279913373037356,101,91,764,632,0,2298,65.94
458,,-0.3990185950413223,101,90,824,547,0,2501,72.59
459,,-0.4101966873706004,100,89,777,574,0,2513,72.57
460,0.2685416340827942,-0.40689110994213573,103,83,831,504,0,2467,69.94
461,,-0.41149126069170694,100,102,1153,476,0,3749,104.21
462,,-0.39266877637130804,103,92,752,681,0,2359,69.05
463,,-0.3989071038251366,102,86,885,580,0,2927,79.88
464,0.2796093225479126,-0.39627791563275433,103,95,766,540,0,2724,72.85
465,,-0.4114886008046491,101,89,906,699,0,2869,77.95
466,,-0.3863114377583831,101,82,900,719,0,2735,83.56
467,,-0.39529472595656673,100,90,849,696,0,2323,74.19
468,0.28429681062698364,-0.41134070158577607,101,90,826,736,0,2600,77.27
469,,-0.4027568922305764,101,92,832,489,0,2669,75.8
470,,-0.3930376193149916,100,93,733,578,0,2251,65.46
471,,-0.40468384074941455,100,88,844,769,0,2657,76.67
472,0.28234371542930603,-0.4149463253509496,101,101,1054,539,0,3251,93.81
473,,-0.4175084175084175,102,94,827,635,0,2696,74.33
474,,-0.3950617283950617,102,86,834,810,0,2244,69.57
475,,-0.4052863436123348,100,102,1040,452,0,3048,82.8
476,0.26229164004325867,-0.4070993914807302,102,100,1037,587,0,3306,94.32
477,,-0.4040772532188841,102,97,1037,437,0,3186,88.23
478,,-0.4019950124688279,100,89,762,636,0,2612,71.35
479,,-0.4297810821974391,102,99,1023,608,0,3211,87.46
480,0.2509635090827942,-0.40244969378827644,100,98,989,485,0,3098,80.1
481,,-0.3873897249610794,101,88,822,666,0,2366,76.68
482,,-0.39953392024857587,100,88,850,540,0,2472,76.91
483,,-0.3671875,100,87,628,552,0,1764,61.77
484,0.2594270408153534,-0.41620241411327763,101,87,866,842,0,2600,72.88
485,,-0.4013094083414161,101,89,889,421,0,2814,77.93
486,,-0.4076064489458454,101,90,1022,689,0,3127,80.42
487,,-0.43168796826795947,101,98,1028,469,0,3041,94.7
488,0.2659374475479126,-0.38600756347920046,101,87,798,413,0,2491,71.54
489,,-0.396437054631829,100,89,921,512,0,2777,76.51
490,,-0.4151180311401306,103,92,859,447,0,2676,75.91
491,,-0.4204238052299369,101,93,911,598,0,2927,78.61
492,0.22388018667697906,-0.4075520833333333,100,93,785,528,0,2527,82.46
493,,-0.4098623853211009,101,94,933,635,0,2792,74.62
494,,-0.4014251781472684,101,92,937,602,0,2671,75.99
495,,-0.4358288770053476,102,91,962,647,0,2879,76.46
496,0.2630729079246521,-0.4035288725939505,100,84,923,828,0,2613,74.91
497,,-0.4016189290161893,103,94,1033,579,0,3206,100.57
498,,-0.40692423482187656,102,88,830,530,0,2626,70.23
499,,-0.4007537688442211,102,92,899,533,0,2548,72.99
500,0.25304684042930603,-0.3951231060606061,101,89,931,840,0,2453,73.4
501,,-0.4121110176619008,100,94,951,621,0,3184,83.01
502,,-0.4160406539991162,102,99,926,620,0,2980,91.69
503,,-0.39645254074784275,104,88,811,675,0,2686,73.38
504,0.28690099716186523,-0.40602655771195095,100,94,816,621,0,2479,72.42
505,,-0.4030131826741996,100,85,900,625,0,2723,77.05
506,,-0.3801353310778154,101,88,846,754,0,2538,72.76
507,,-0.40790029573299535,101,95,970,780,0,2984,90.18
508,0.26736974716186523,-0.3958333333333333,100,93,931,487,0,3046,77.34
509,,-0.40396093326098753,100,83,782,507,0,2397,73.14
510,,-0.407769703745109,101,94,792,473,0,2313,69.65
511,,-0.43461815561959655,107,101,1221,494,0,3837,93.2
512,0.2799999713897705,-0.4151593453919035,101,98,982,549,0,3113,92.11
513,,-0.3609789259007478,100,84,691,679,0,1572,61.86
514,,-0.4098360655737705,101,96,1026,925,0,2929,79.37
515,,-0.3966321243523316,100,88,793,521,0,2546,72.18
516,0.2719270586967468,-0.3977272727272727,101,87,860,458,0,2466,72.32
517,,-0.37771739130434784,102,93,842,737,0,2469,81.63
518,,-0.4010535959688502,101,94,885,781,0,2700,81.44
519,,-0.4161043634727845,100,96,940,690,0,2816,78.65
520,0.28690099716186523,-0.4208066896212494,100,92,797,775,0,2494,73.17
521,,-0.38097855964815835,100,88,730,550,0,2358,70.88
522,,-0.4147398843930636,100,97,1043,522,0,3279,87.61
523,,-0.40866006031882807,102,100,973,553,0,3116,86.34
524,0.26229164004325867,-0.4186683522966709,101,101,1052,404,0,3290,86.65
525,,-0.4088397790055249,101,88,729,491,0,2400,71.09
526,,-0.4074803149606299,100,92,742,611,0,2203,73.11
527,,-0.39057899901864573,100,87,861,453,0,2762,79.32
528,0.26945310831069946,-0.40482433141059254,102,93,861,439,0,2514,88.78
529,,-0.3983392048314041,101,91,848,541,0,2585,74.26
530,,-0.4207547169811321,100,93,860,580,0,2800,77.34
531,,-0.4062362758014932,100,103,957,614,0,2983,78.33
532,0.24380207061767578,-0.39844617092119866,101,88,733,701,0,2170,67.72
533,,-0.41016377649325625,101,90,922,591,0,2639,88.03
534,,-0.42096474953617813,100,96,1154,576,0,3660,89.86
535,,-0.40541294642857145,101,91,760,457,0,2367,72.44
536,0.27101561427116394,-0.4001264222503161,102,97,1040,583,0,3123,82.96
537,,-0.4295638749517561,102,104,1079,605,0,3498,93.72
538,,-0.41274817136886105,100,86,816,744,0,2268,74.55
539,,-0.3951612903225806,103,82,685,593,0,2070,66.77
540,0.2702343463897705,-0.37356948228882836,102,86,801,694,0,2175,69.36
541,,-0.4117801047120419,101,89,806,483,0,2531,72.62
542,,-0.3990013617793917,100,87,862,723,0,2821,76.5
543,,-0.40406427221172025,101,87,894,512,0,2826,92.9
544,0.277656227350235,-0.40508652333508127,101,84,840,428,0,2546,71.59
545,,-0.4203778677462888,100,97,946,589,0,2911,78.44
546,,-0.3902835890283589,101,92,929,444,0,2929,79.55
547,,-0.41202056148675364,100,91,1010,742,0,3306,84.4
548,0.2738801836967468,-0.4001787842669845,103,91,730,629,0,1997,80.12
549,,-0.3903946742748455,101,97,927,530,0,2749,75.44
550,,-0.41653706583722133,103,88,805,658,0,2395,70.87
551,,-0.3940746753246753,100,95,1062,590,0,3276,83.88
552,0.2587760090827942,-0.40688935281837163,101,91,974,555,0,3261,84.65
553,,-0.3785254824344384,102,87,772,720,0,2550,89.81
554,,-0.40572967678746324,102,98,796,704,0,2584,70.97
555,,-0.4016216216216216,103,94,751,611,0,2338,70.77
556,0.25968748331069946,-0.3901721014492754,100,91,903,655,0,2858,78.75
557,,-0.3982666116384647,103,94,957,784,0,3105,81.57
558,,-0.4130837657524092,100,102,1193,576,0,3627,107.91
559,,-0.41867179980750724,100,94,966,435,0,2755,78.26
560,0.279609352350235,-0.40894653255690844,100,95,855,431,0,2492,72.16
561,,-0.4171291157972623,106,108,1102,652,0,3652,93.42
562,,-0.4005299633102324,100,95,1051,637,0,3218,90.04
563,,-0.404862085086489,100,87,842,686,0,2750,81.7
564,0.24731770157814026,-0.4139544344995932,100,98,1005,690,0,3221,83.37
565,,-0.3859696641386782,100,90,774,696,0,2222,70.89
566,,-0.40480507706255664,101,97,952,589,0,2871,78.02
567,,-0.39177693761814747,100,88,880,625,0,2727,80.96
568,0.26971352100372314,-0.4177646524307133,101,95,885,694,0,2823,86.55
569,,-0.4035762788592123,100,100,957,628,0,2833,82.0
570,,-0.40425531914893614,100,89,911,598,0,3097,82.36
571,,-0.41846921797004993,100,105,1022,522,0,3264,86.46
572,0.2741405963897705,-0.4108628996933859,101,99,939,504,0,3123,92.49
573,,-0.4063254466441333,100,93,829,681,0,2632,76.92
574,,-0.3999566912083153,103,96,987,404,0,3227,85.32
575,,-0.4049665711556829,101,90,880,507,0,2801,77.41
576,0.25734370946884155,-0.40496049165935033,100,96,959,716,0,2881,79.22
577,,-0.4053333333333333,102,95,1089,571,0,3590,110.44
578,,-0.4048683556880278,101,92,892,542,0,2592,72.87
579,,-0.4074398249452954,100,91,913,716,0,2941,82.42
580,0.2504426836967468,-0.4103697749196141,100,93,1080,442,0,3454,100.56
581,,-0.3805066079295154,100,85,772,777,0,2083,69.57
582,,-0.41543756145526056,101,83,893,641,0,2534,88.82
583,,-0.4150870406189555,100,90,1067,780,0,3323,85.15
584,0.273749977350235,-0.39769150052465896,100,85,726,678,0,2408,68.6
585,,-0.4104391371340524,101,106,1114,511,0,3567,91.78
586,,-0.3783050847457627,100,82,618,489,0,1843,63.19
587,,-0.40745732255166217,102,97,942,591,0,2919,92.17
588,0.2673697769641876,-0.41551800800355715,103,94,942,546,0,3010,80.96
589,,-0.37985685071574643,102,94,868,854,0,2190,72.22
590,,-0.4188073394495413,100,96,915,478,0,2967,80.91
591,,-0.4069501600365798,101,91,1015,497,0,2862,79.17
592,0.25994789600372314,-0.3950026581605529,100,96,782,555,0,2425,83.29
593,,-0.39413382218148485,100,87,855,854,0,2655,74.57
594,,-0.41513560804899385,101,92,1035,380,0,3157,85.77
595,,-0.41235459286000803,101,95,1009,954,0,3023,81.89
596,0.2747916281223297,-0.3896321070234114,101,89,751,767,0,2070,67.99
597,,-0.4107456140350877,102,99,955,530,0,3075,94.81
598,,-0.4021973287376131,100,102,981,523,0,3138,82.08
599,,-0.41284622731614135,101,94,885,409,0,2894,79.04
600,0.2797395586967468,-0.40988690259029553,104,108,1234,495,0,3753,94.04
601,,-0.41014120667522463,100,91,943,627,0,3104,91.31
602,,-0.4195109526235354,101,96,812,534,0,2580,78.19
603,,-0.3867481203007519,101,89,869,748,0,2639,76.62
604,0.2613801956176758,-0.41368552412645593,101,108,1031,896,0,2881,83.32
605,,-0.3598635588402501,101,90,735,603,0,2180,71.4
606,,-0.3987129266927812,100,86,776,471,0,2327,76.9
607,,-0.4072911636890391,100,92,915,527,0,2700,74.03
608,0.2424999475479126,-0.3985745614035088,100,96,809,432,0,2407,64.05
609,,-0.36793422404933196,102,91,807,511,0,2574,68.41
610,,-0.4049421193232413,103,99,961,643,0,2888,73.65
611,,-0.3622350674373796,100,79,662,586,0,1866,60.28
612,0.26841142773628235,-0.3873206848681166,101,88,879,806,0,2637,77.87
613,,-0.3971367974549311,101,82,766,675,0,2331,65.27
614,,-0.4107683000604961,101,85,687,607,0,2012,60.89
615,,-0.3947233606557377,104,98,863,628,0,2413,64.46
616,0.267890602350235,-0.39186691312384475,102,97,918,610,0,2800,71.18
617,,-0.3753886010362694,102,88,798,652,0,2410,66.61
618,,-0.3764266900790167,102,98,984,674,0,2898,82.64
619,,-0.4009062253743105,100,98,1100,682,0,3294,76.14
620,0.2711458206176758,-0.397181146025878,101,94,889,560,0,2879,70.11
621,,-0.40994052676295667,102,97,1000,522,0,3186,74.81
622,,-0.38943248532289626,102,94,852,516,0,2720,70.01
623,,-0.4183085055261893,100,93,845,606,0,2711,77.47
624,0.2826041579246521,-0.4007352941176471,100,90,937,496,0,2919,76.56
625,,-0.41952894995093226,103,97,871,505,0,2700,68.84
626,,-0.3810623556581986,107,90,825,808,0,2697,71.72
627,,-0.4001861330851559,100,88,852,615,0,2831,71.3
628,0.23846352100372314,-0.39510332434860734,102,91,926,463,0,3063,73.94
629,,-0.41247095274980633,100,100,1044,734,0,3386,89.42
630,,-0.40329949238578683,100,88,857,668,0,2415,68.09
631,,-0.3984553775743707,100,84,709,532,0,2255,66.75
632,0.26085934042930603,-0.3850964043772798,104,94,835,652,0,2351,77.17
633,,-0.38715953307393,100,90,755,731,0,2112,62.98
634,,-0.3923113658070678,101,93,841,642,0,2705,85.15
635,,-0.3560411311053985,101,85,712,653,0,1747,58.16
636,0.277656227350235,-0.39665150888797024,101,98,1107,385,0,3346,80.28
637,,-0.3807403936269916,101,91,928,542,0,2798,72.96
638,,-0.4067081297201244,101,88,969,532,0,3001,71.93
639,,-0.41511575124829775,101,83,936,587,0,2883,80.65
640,0.2555208206176758,-0.38188529244747305,101,85,768,561,0,2193,68.06
641,,-0.3976161369193154,101,87,707,540,0,2025,61.53
642,,-0.398959236773634,101,95,931,624,0,3057,77.1
643,,-0.4096444227959084,102,93,862,533,0,2711,68.78
644,0.28690099716186523,-0.3982793522267207,100,90,838,558,0,2556,69.55
645,,-0.4119661563255439,100,92,1063,626,0,3275,105.28
646,,-0.41858856088560886,100,89,885,631,0,2820,79.2
647,,-0.38820043103448276,100,86,764,567,0,2381,75.03
648,0.2624218463897705,-0.39441930618401205,102,85,858,579,0,2541,75.63
649,,-0.4042100283822138,101,97,951,484,0,2793,81.44
650,,-0.4017216642754663,100,87,864,539,0,2779,91.74
651,,-0.38643986583612844,101,93,846,736,0,2592,76.33
652,0.2728385329246521,-0.3954017180394138,100,90,813,631,0,2514,74.59
653,,-0.37941952506596305,104,85,856,825,0,2109,71.32
654,,-0.36952141057934507,100,75,798,750,0,2422,72.25
655,,-0.3704787234042553,106,88,805,715,0,2240,85.14
656,0.27075517177581787,-0.41923818707810995,100,96,903,460,0,2785,75.54
657,,-0.4065693430656934,102,99,909,527,0,2674,79.38
658,,-0.4312992125984252,100,99,1070,558,0,3452,91.31
659,,-0.418785890073831,103,88,1052,639,0,3185,90.71
660,0.2667187452316284,-0.4010752688172043,100,92,734,590,0,2396,80.25
661,,-0.41533623609095305,101,90,843,637,0,2654,78.32
662,,-0.40951492537313433,100,88,870,556,0,2862,82.53
663,,-0.3888289260658392,100,92,804,619,0,2283,71.19
664,0.2639843225479126,-0.40302882266731804,101,92,888,709,0,2497,73.73
665,,-0.4200789343857918,101,92,914,421,0,2719,91.66
666,,-0.39921681780708984,100,101,1049,551,0,3252,86.73
667,,-0.40222012281530467,103,83,936,669,0,2629,79.3
668,0.2633333206176758,-0.41786743515850144,100,97,1175,754,0,3623,93.42
669,,-0.4107063527321191,100,96,940,752,0,2810,90.8
670,,-0.38547646383467277,100,94,723,675,0,2086,71.87
671,,-0.4080717488789238,101,90,976,582,0,2902,80.58
672,0.289374977350235,-0.40317312179188053,100,97,931,519,0,2836,78.63
673,,-0.4035745807590468,103,93,976,693,0,2863,83.18
674,,-0.4182518115942029,101,97,936,475,0,3005,95.81
675,,-0.40686894226717235,105,93,968,471,0,3307,84.06
676,0.2650260031223297,-0.406317494600432,100,90,764,496,0,2444,78.05
677,,-0.39727831431079896,101,97,949,807,0,2800,79.21
678,,-0.401386404293381,100,92,872,644,0,2956,83.44
679,,-0.4000809061488673,101,93,1057,667,0,3220,103.68
680,0.27648434042930603,-0.3997668997668998,100,92,909,574,0,2807,78.61
681,,-0.3879590887959089,102,91,952,578,0,2772,81.84
682,,-0.39173640167364016,100,89,855,578,0,2391,75.54
683,,-0.38107202680067004,102,93,804,598,0,2180,71.09
684,0.2831249535083771,-0.41909814323607425,101,97,964,589,0,2971,101.36
685,,-0.40493697478991597,102,88,833,417,0,2558,77.35
686,,-0.4126117179741807,103,93,897,400,0,2731,79.86
687,,-0.40383576445164776,100,85,848,672,0,2182,72.64
688,0.29028642177581787,-0.4153972828324413,102,97,996,525,0,3337,95.76
689,,-0.40523737754333083,104,99,1184,483,0,3641,97.14
690,,-0.4056649063850216,101,90,836,689,0,2641,80.09
691,,-0.39556135770234985,100,88,853,794,0,2183,69.71
692,0.27101558446884155,-0.4091103507271172,101,102,1064,553,0,3059,84.08
693,,-0.37971582557569816,100,86,820,669,0,2593,93.55
694,,-0.40302882266731804,102,89,873,555,0,2666,77.55
695,,-0.41128230616302186,102,95,811,514,0,2699,78.97
696,0.25252601504325867,-0.34615384615384615,100,77,548,545,0,1767,64.62
697,,-0.3970888661899898,100,94,827,585,0,2504,78.02
698,,-0.3892371995820272,100,87,851,567,0,2410,86.93
699,,-0.3745492014425554,100,86,829,705,0,2348,74.88
700,0.2656770646572113,-0.41057082452431287,103,97,951,642,0,3137,87.66
701,,-0.40913555992141454,101,91,780,804,0,2488,75.32
702,,-0.396461716937355,102,81,673,646,0,2129,70.54
703,,-0.4030276437033787,103,98,901,697,0,2960,93.64
704,0.27335935831069946,-0.4028513238289206,100,92,1004,806,0,3100,84.91
705,,-0.41323165704863973,102,91,1009,941,0,2902,82.92
706,,-0.417326114119117,103,91,954,742,0,3106,88.91
707,,-0.41317365269461076,104,96,967,735,0,2974,82.77
708,0.2516145408153534,-0.4025641025641026,103,96,929,561,0,2800,95.25
709,,-0.4110644257703081,100,93,927,472,0,2885,84.59
710,,-0.3934624697336562,101,95,942,881,0,3133,86.67
711,,-0.39208984375,101,83,770,669,0,2657,78.06
712,0.27140623331069946,-0.3867812685240071,100,88,708,564,0,2102,74.35
713,,-0.41491085899513774,101,95,1136,428,0,3372,98.8
714,,-0.4098258706467662,100,98,995,784,0,3045,87.08
715,,-0.40282931354359924,102,90,990,484,0,2838,84.21
716,0.2750520408153534,-0.4155019059720457,104,92,1033,630,0,3059,85.13
717,,-0.40713902308105204,101,94,711,670,0,2345,89.31
718,,-0.40532544378698226,103,89,967,553,0,2874,82.22
719,,-0.39954233409610984,101,90,844,866,0,2660,82.58
720,0.2730989456176758,-0.39964396973742766,101,102,943,668,0,2883,83.54
721,,-0.4256297481007597,100,94,1014,689,0,3299,94.28
722,,-0.39727891156462586,102,98,877,764,0,2769,91.09
723,,-0.4049829018075232,100,92,872,536,0,2686,81.1
724,0.27335935831069946,-0.3953421506612996,100,96,697,527,0,2254,74.81
725,,-0.4012567324955117,103,85,953,548,0,2955,84.9
726,,-0.4170353982300885,100,99,889,653,0,2978,94.98
727,,-0.3950251026928343,100,99,942,653,0,2787,82.33
728,0.28690099716186523,-0.4197625430869399,102,97,1058,667,0,3497,94.99
729,,-0.4025252525252525,100,81,856,535,0,2569,79.01
730,,-0.40728318160038335,100,89,867,358,0,2949,86.66
731,,-0.4174096668230878,100,95,856,654,0,2752,98.86
732,0.2539582848548889,-0.41210159362549803,101,88,832,695,0,2489,78.54
733,,-0.39758144126357353,100,90,882,661,0,2509,77.2
734,,-0.4016930638995085,102,88,786,567,0,2309,72.83
735,,-0.3875177978168011,101,92,929,648,0,2637,78.53
736,0.26971352100372314,-0.4065295169946333,100,88,939,727,0,2806,97.33
737,,-0.4086833411986786,100,99,873,654,0,2711,81.77
738,,-0.38419618528610355,100,85,613,504,0,1819,64.91
739,,-0.4166666666666667,101,96,1027,833,0,3336,93.54
740,0.2617708146572113,-0.41889985895627646,101,87,835,741,0,2678,85.36
741,,-0.40505836575875487,100,95,1068,999,0,3073,91.62
742,,-0.4234786557674841,100,96,964,389,0,3051,89.26
743,,-0.40329768270944744,103,95,882,707,0,2899,82.79
744,0.26671871542930603,-0.40648674242424243,102,92,905,558,0,2761,81.11
745,,-0.3914027149321267,102,94,892,673,0,2413,90.5
746,,-0.4173461823573017,109,109,1211,550,0,3635,95.62
747,,-0.423728813559322,100,94,1120,673,0,3281,91.58
748,0.2719270586967468,-0.4164259182831201,101,90,986,585,0,3275,90.14
749,,-0.40845959595959597,104,100,1037,406,0,3309,108.02
750,,-0.4063765182186235,100,87,839,479,0,2634,75.63
751,,-0.41153169014084506,100,87,950,557,0,3037,85.0
752,0.2568228840827942,-0.40176088971269697,100,93,943,648,0,2725,82.67
753,,-0.3814508276533593,100,94,852,681,0,2575,82.26
754,,-0.3997332147621165,100,97,894,819,0,2785,102.26
755,,-0.38338658146964855,101,84,871,557,0,2328,73.5
756,0.2611197531223297,-0.3999531396438613,101,87,867,859,0,2542,77.31
757,,-0.38787295476419636,102,86,863,840,0,2453,80.96
758,,-0.41342092914124823,100,92,958,460,0,2844,85.68
759,,-0.406981981981982,102,94,893,892,0,2655,93.51
760,0.27596351504325867,-0.40709109730848864,100,88,839,392,0,2633,81.26
761,,-0.42225307417691393,100,105,1126,615,0,3301,95.03
762,,-0.41553133514986373,101,92,963,442,0,2999,86.94
763,,-0.426994301994302,100,104,1268,436,0,3912,122.27
764,0.25760412216186523,-0.39721919302071973,102,87,777,725,0,2166,74.95
765,,-0.3902091254752852,100,94,925,745,0,2538,79.32
766,,-0.4065958388667552,101,96,1008,453,0,3057,90.94
767,,-0.41096721974908945,105,99,1005,642,0,3295,103.05
768,0.25734370946884155,-0.39043522267206476,101,70,833,752,0,2367,77.42
769,,-0.38915505226480834,102,93,930,687,0,2975,87.97
770,,-0.4017933390264731,103,92,957,789,0,2938,86.48
771,,-0.3990236382322713,106,92,761,744,0,2387,74.58
772,0.24588538706302643,-0.39627906976744187,100,90,895,700,0,2705,99.59
773,,-0.40983981693363847,102,96,969,463,0,2938,81.57
774,,-0.4029506685108345,103,95,910,588,0,2840,84.0
775,,-0.3702497285559175,100,91,845,631,0,2208,74.69
776,0.26880204677581787,-0.39714125560538116,100,87,704,590,0,2274,73.05
777,,-0.41276683087027916,102,95,986,603,0,3283,110.66
778,,-0.40881913303437967,104,95,855,564,0,2595,84.17
779,,-0.396514745308311,100,87,733,593,0,2404,77.55
780,0.2650260031223297,-0.39901477832512317,101,85,941,716,0,2809,90.64
781,,-0.4104952294411631,100,97,920,731,0,2751,97.33
782,,-0.4184281842818428,100,89,768,576,0,2346,75.62
783,,-0.3912626020163226,100,80,807,579,0,2780,85.33
784,0.26359373331069946,-0.391304347826087,101,93,823,747,0,2754,84.96
785,,-0.38848218643240606,100,90,857,523,0,2718,86.33
786,,-0.39243391066545125,100,92,899,611,0,2878,103.21
787,,-0.41051660516605165,100,96,911,477,0,2948,87.89
788,0.265937477350235,-0.41756548536209553,100,97,1062,735,0,3395,94.23
789,,-0.3916067146282974,102,85,806,748,0,2616,83.9
790,,-0.4125,100,90,917,649,0,3074,104.75
791,,-0.4121756487025948,100,86,814,635,0,2559,76.59
792,0.26515620946884155,-0.4052361980648833,100,84,749,463,0,2302,76.75
793,,-0.42093925032313656,105,91,907,808,0,2927,87.7
794,,-0.3868989205103042,100,93,796,579,0,2701,84.16
795,,-0.391005291005291,101,92,771,651,0,2358,92.3
796,0.26190102100372314,-0.39278846153846153,100,88,882,496,0,2782,85.2
797,,-0.39314145744029394,102,90,652,606,0,2008,72.91
798,,-0.42080950285965685,100,92,956,717,0,2873,87.49
799,,-0.39172802078822,100,89,966,637,0,3015,95.47
800,0.2652864456176758,-0.3692349430276723,101,89,776,719,0,2191,82.37
801,,-0.41347826086956524,101,96,987,490,0,3123,94.28
802,,-0.40640875341930444,103,92,1113,523,0,3482,96.27
803,,-0.4276212832550861,100,101,1103,610,0,3399,91.65
804,0.27843746542930603,-0.39669638175144206,102,92,783,723,0,2308,92.78
805,,-0.409915611814346,100,101,1030,646,0,3064,93.27
806,,-0.390020366598778,100,86,851,789,0,2288,78.15
807,,-0.41743892165122154,101,91,979,916,0,2853,84.98
808,0.2647656202316284,-0.41867915229176933,100,89,813,533,0,2712,95.78
809,,-0.41397611676249446,100,97,981,580,0,2961,89.62
810,,-0.41085858585858587,100,93,801,671,0,2488,83.09
811,,-0.3973071656777727,104,90,914,633,0,2835,87.34
812,0.256171852350235,-0.40620592383638926,100,97,868,587,0,2799,84.43
813,,-0.402226102138804,102,92,957,700,0,2925,103.07
814,,-0.4056776556776557,103,91,916,588,0,2864,87.25
815,,-0.3851209253417455,103,90,790,637,0,2377,78.09
816,0.2652864456176758,-0.4098939929328622,102,93,816,601,0,2545,84.73
817,,-0.3902010050251256,101,92,875,651,0,2454,91.23
818,,-0.40268767377201115,100,88,878,826,0,2612,84.34
819,,-0.4101809954751131,100,93,921,602,0,2897,87.88
820,0.269843727350235,-0.40731252911038657,100,98,867,752,0,2675,86.3
821,,-0.4072141560798548,102,88,932,585,0,2891,88.06
822,,-0.39760348583877997,102,84,993,683,0,2914,105.05
823,,-0.4019362898188632,101,91,641,449,0,2112,70.43
824,0.26710933446884155,-0.40171990171990174,102,97,860,702,0,2508,79.37
825,,-0.40285714285714286,101,101,929,783,0,2488,83.48
826,,-0.41884510339445963,100,96,1222,420,0,3484,115.07
827,,-0.39165602383993187,101,90,958,836,0,2904,83.85
828,0.2704947590827942,-0.39136490250696376,101,89,845,652,0,2811,93.29
829,,-0.3996865203761755,100,89,931,811,0,2724,83.13
830,,-0.40264255910987484,104,96,939,468,0,2907,88.64
831,,-0.39940184883088636,100,85,722,651,0,2305,90.79
832,0.26619789004325867,-0.3998612395929695,100,80,938,728,0,2658,83.95
833,,-0.4255514705882353,102,83,1149,554,0,3737,103.8
834,,-0.3914572864321608,101,86,783,651,0,2546,80.09
835,,-0.4041063929071395,101,90,862,654,0,2770,103.09
836,0.2585155963897705,-0.3948758584257792,100,91,765,659,0,2362,77.68
837,,-0.37996508075076385,100,86,951,610,0,3021,93.96
838,,-0.3823671497584541,101,91,838,746,0,2556,83.88
839,,-0.3896416083916084,100,86,958,540,0,3078,96.75
840,0.24302080273628235,-0.42686329214826624,101,99,1046,492,0,3480,103.08
841,,-0.4028253424657534,103,94,976,794,0,2902,89.61
842,,-0.39837962962962964,105,103,886,895,0,2539,82.39
843,,-0.41994572591587515,101,87,889,554,0,2979,90.64
844,0.28104162216186523,-0.4102167182662539,101,98,978,585,0,2959,104.4
845,,-0.4125523012552301,101,94,995,592,0,3193,91.37
846,,-0.4222608695652174,102,100,1258,543,0,3949,108.5
847,,-0.408905043162199,100,93,902,624,0,2876,84.55
848,0.2461458146572113,-0.40469061876247503,101,88,808,787,0,2413,97.32
849,,-0.4139603542808941,102,95,980,672,0,3090,89.51
850,,-0.4263757115749526,101,100,1152,582,0,3536,104.65
851,,-0.4176731078904992,102,90,980,737,0,3251,97.29
852,0.2585155963897705,-0.43563092633114514,108,107,1170,618,0,3696,120.05
853,,-0.40038498556304136,100,84,884,635,0,2637,81.93
854,,-0.427561282212445,100,104,1423,540,0,4401,121.75
855,,-0.4079338141705558,101,91,1024,481,0,3209,98.89
856,0.2538280785083771,-0.40186246418338106,103,85,856,710,0,2622,97.46
857,,-0.3979135618479881,100,94,856,565,0,2605,85.79
858,,-0.41101321585903083,100,99,981,610,0,2949,91.72
859,,-0.3934252386002121,100,95,772,490,0,2510,82.75
860,0.2628124952316284,-0.4092854086435601,103,90,942,726,0,3006,108.78
861,,-0.3771723813997182,100,86,878,589,0,2791,82.75
862,,-0.4008937960042061,100,97,852,561,0,2391,84.33
863,,-0.39584285061672,105,91,948,632,0,2798,94.55
864,0.2730989456176758,-0.4170995670995671,104,96,1010,631,0,2979,110.91
865,,-0.3970396168915977,104,90,946,600,0,3048,96.98
866,,-0.3973384030418251,100,86,749,478,0,2455,86.69
867,,-0.39364244741873805,104,86,849,579,0,2756,90.42
868,0.26229164004325867,-0.41121718377088307,101,89,938,498,0,2754,101.39
869,,-0.4133207368918281,100,89,855,646,0,2733,96.51
870,,-0.41614208633093525,100,93,918,604,0,2926,101.38
871,,-0.38568985176738885,103,87,716,556,0,2236,80.82
872,0.2767447531223297,-0.38306451612903225,101,92,931,566,0,2967,105.36
873,,-0.39402173913043476,100,97,917,606,0,2893,104.85
874,,-0.41035548686244205,100,93,805,481,0,2596,91.16
875,,-0.3900414937759336,101,92,847,649,0,2842,93.85
876,0.2624218463897705,-0.41796875,100,87,935,477,0,2940,97.22
877,,-0.3851651059635288,100,89,825,780,0,2453,97.49
878,,-0.39172335600907027,102,92,741,461,0,2326,87.37
879,,-0.4040590405904059,100,92,960,878,0,2498,88.73
880,0.27361977100372314,-0.404520295202952,100,96,937,598,0,2801,98.73
881,,-0.39218974604695733,101,88,836,574,0,2764,106.79
882,,-0.3787366046249295,101,90,749,757,0,2040,78.01
883,,-0.37474541751527496,101,87,838,641,0,2449,88.72
884,0.2533072829246521,-0.3924930491195551,101,100,881,505,0,2930,97.71
885,,-0.39561534628799205,101,89,824,622,0,2568,95.47
886,,-0.41470864661654133,100,99,939,433,0,2884,86.67
887,,-0.39780109945027486,100,83,792,776,0,2434,80.14
888,0.25317704677581787,-0.38531353135313534,100,89,738,450,0,2448,81.5
889,,-0.4031737493275955,104,86,772,787,0,2159,75.79
890,,-0.3908174692049272,107,104,768,556,0,2248,95.43
891,,-0.41951861602106055,100,107,1160,627,0,3531,98.43
892,0.2764843702316284,-0.39960068454078723,100,90,748,542,0,2216,81.17
893,,-0.3898578811369509,100,81,616,619,0,1861,82.5
894,,-0.41594561186650186,101,91,980,827,0,3047,115.52
895,,-0.40701999070199907,102,85,934,618,0,2750,101.05
896,0.24927079677581787,-0.3990690837824596,102,98,829,522,0,2731,102.28
897,,-0.4309576837416481,101,91,1157,503,0,3728,128.2
898,,-0.3892245720040282,101,91,890,509,0,2573,112.23
899,,-0.41475054229934927,100,87,903,755,0,2952,107.06
900,0.2730989158153534,-0.41938674579624136,100,91,845,396,0,2803,106.73
901,,-0.40158259149357073,101,87,797,590,0,2657,84.99
902,,-0.402068661971831,101,92,968,404,0,3172,109.21
903,,-0.4125057260650481,101,89,957,491,0,2918,90.99
904,0.2724478840827942,-0.415496049165935,103,93,994,569,0,2993,91.81
905,,-0.4251447477253929,100,96,1087,655,0,3094,94.03
906,,-0.39831281349749204,101,94,971,546,0,2869,107.21
907,,-0.4326216310815541,101,101,1328,459,0,3927,109.08
908,0.27713537216186523,-0.4146281800391389,102,91,835,547,0,2706,89.59
909,,-0.40274599542334094,100,100,952,479,0,2939,88.51
910,,-0.41625169760072434,102,95,998,423,0,2997,112.56
911,,-0.39900990099009903,100,89,833,586,0,2621,82.78
912,0.2936718463897705,-0.411468330134357,100,94,905,463,0,2800,88.21
913,,-0.41034316094731754,100,94,834,711,0,2593,82.31
914,,-0.3886685552407932,101,91,750,488,0,2292,86.63
915,,-0.4174809989142237,101,99,1166,952,0,3408,96.43
916,0.2621614336967468,-0.41212744090441933,105,96,822,490,0,2580,87.88
917,,-0.39289366053169733,101,92,792,497,0,2623,84.8
918,,-0.4179550245959241,103,101,1186,657,0,3849,121.48
919,,-0.39878048780487807,101,89,1070,639,0,3211,110.4
920,0.28898435831069946,-0.4014989293361884,106,88,824,454,0,2458,90.08
921,,-0.3853670162059104,101,83,895,560,0,2741,98.15
922,,-0.38786213786213786,102,93,810,703,0,2491,97.97
923,,-0.3843822843822844,100,90,865,839,0,2586,93.31
924,0.25278642773628235,-0.4200922013061852,103,97,1090,635,0,3481,112.3
925,,-0.3956542502387775,100,89,859,750,0,2579,90.45
926,,-0.39842328684050937,101,92,721,562,0,2015,79.33
927,,-0.3885557221389305,100,88,858,476,0,2668,100.34
928,0.2819530963897705,-0.4060901906090191,101,99,903,515,0,2884,101.58
929,,-0.38414334806087386,100,83,811,744,0,2519,89.44
930,,-0.38025108643167554,101,90,931,516,0,2695,100.24
931,,-0.4111204717775906,100,97,1007,615,0,3126,112.85
932,0.26098954677581787,-0.3971518987341772,103,89,802,597,0,2393,90.24
933,,-0.3975654570509876,104,89,918,707,0,2729,93.97
934,,-0.41783523225241015,102,95,1003,534,0,3027,101.43
935,,-0.4016074037993181,100,92,781,669,0,2656,104.26
936,0.2704947590827942,-0.40858505564387915,101,104,1148,619,0,3265,114.55
937,,-0.42572533849129596,101,96,1042,664,0,3464,108.67
938,,-0.4160756501182033,104,103,1055,612,0,3409,117.34
939,,-0.3780776515151515,100,84,879,839,0,2506,87.68
940,0.2776561975479126,-0.3940972222222222,100,84,972,604,0,3032,103.45
941,,-0.4029882154882155,101,94,1012,666,0,3074,103.22
942,,-0.41499522445081183,101,88,876,499,0,2813,106.69
943,,-0.4277478862413528,100,86,1182,503,0,3519,113.13
944,0.24796871840953827,-0.39863375936535916,104,99,957,524,0,3057,105.97
945,,-0.4048661800486618,101,96,822,507,0,2781,95.17
946,,-0.4482864137086903,101,101,1449,486,0,4601,151.37
947,,-0.3940972222222222,101,93,798,608,0,2626,91.74
948,0.2719270586967468,-0.4017681728880157,101,92,876,610,0,2586,103.16
949,,-0.3650670794633643,100,88,778,649,0,2449,90.22
950,,-0.38933649289099526,101,86,898,504,0,2818,108.74
951,,-0.3864594309799789,100,91,808,583,0,2405,83.42
952,0.25734370946884155,-0.3832777513101477,109,92,881,721,0,2596,87.59
953,,-0.4190423976608187,101,98,1166,674,0,3632,94.29
954,,-0.41647241647241645,100,100,1128,599,0,3421,90.99
955,,-0.4069969578444155,100,88,975,477,0,3150,87.58
956,0.27062496542930603,-0.39505844845908605,104,86,797,779,0,2188,73.46
957,,-0.39921223354958296,101,93,952,350,0,3014,84.15
958,,-0.4221732745961821,100,102,1101,903,0,3444,93.81
959,,-0.40398550724637683,105,89,596,611,0,2105,71.26
960,0.24835935235023499,-0.39689995302959136,101,88,921,846,0,2491,83.68
961,,-0.39657176060429983,100,86,669,558,0,2215,73.21
962,,-0.38211879975505203,100,82,709,377,0,2180,69.78
963,,-0.40261560018682857,101,95,923,533,0,2826,88.51
964,0.2831249535083771,-0.3828006088280061,101,88,865,820,0,2257,79.87
965,,-0.3863771564544914,101,84,756,303,0,2303,80.57
966,,-0.4022883295194508,100,92,840,823,0,2707,91.93
967,,-0.3907092492741601,102,90,965,832,0,3025,95.56
968,0.2504426836967468,-0.39966130397967825,103,98,995,660,0,3069,94.66
969,,-0.4110095735422106,102,99,913,642,0,3041,91.43
970,,-0.41579426490669097,101,95,929,528,0,2937,94.06
971,,-0.3925114620478859,100,94,852,492,0,2582,95.68
972,0.2786978781223297,-0.39657282741738065,101,92,1004,697,0,3201,99.42
973,,-0.42140867489056905,101,96,1048,647,0,3331,99.62
974,,-0.381021897810219,102,95,848,605,0,2657,87.07
975,,-0.40201805629314924,103,92,790,606,0,2370,99.56
976,0.265937477350235,-0.4194015444015444,100,97,788,734,0,2622,86.76
977,,-0.39926829268292685,100,94,896,616,0,2588,85.16
978,,-0.3972182932578972,100,92,871,547,0,2824,90.02
979,,-0.4149345650500385,102,100,1047,901,0,3248,116.89
980,0.2779166102409363,-0.40793201133144474,102,93,918,573,0,2745,87.68
981,,-0.41259578544061304,101,91,838,733,0,2605,83.62
982,,-0.4009455200360198,101,95,907,583,0,2952,96.59
983,,-0.4015915119363395,101,89,797,501,0,2472,88.94
984,0.2845572531223297,-0.4201018990273275,102,93,973,391,0,2954,96.56
985,,-0.42475908080059305,101,96,1118,639,0,3639,106.34
986,,-0.4098250336473755,100,92,874,649,0,2935,90.17
987,,-0.41508104298801973,100,97,1146,650,0,3880,118.39
988,0.25760412216186523,-0.3925716972261401,105,95,884,587,0,2783,86.77
989,,-0.423139487596584,102,102,1049,498,0,3371,100.9
990,,-0.38715953307393,101,85,758,698,0,2142,75.98
991,,-0.40246449456975775,102,91,1042,913,0,2833,88.27
992,0.27882808446884155,-0.4036331413380594,100,93,919,746,0,2849,106.33
993,,-0.39148841354723707,101,94,897,663,0,2928,91.09
994,,-0.38625123639960435,100,93,830,575,0,2639,85.32
995,,-0.39503386004514673,101,93,956,492,0,2982,93.8
996,0.2630728781223297,-0.40194805194805194,100,94,940,613,0,3067,113.3
997,,-0.3977272727272727,100,92,758,690,0,2248,78.32
998,,-0.37418218419728233,100,88,802,665,0,2507,86.73
999,,-0.4079925650557621,103,95,878,574,0,2852,89.79
1000,0.2572135031223297,-0.38583889173935354,103,95,836,621,0,2441,101.89
